,Timestamp,difBO,spread,tf30,time,previous,avg,predict,Bid Not slot 0,Bid is slot 0,Buy,Offer Not slot 0,Offer is slot 0,Sell
699,1487239114.0,9300.0,0.0,0.0,09:58:34,-1.65714285714,0.428571428571,0.263157894737,0.0,0.0,1.0,0.0,0.0,0.0
700,1487239116.0,30000.0,0.0,0.0,09:58:36,-1.65714285714,0.428571428571,0.263157894737,0.0,1.0,0.0,0.0,0.0,0.0
701,1487239143.0,2000.0,0.0,0.0,09:59:03,-1.65714285714,0.428571428571,0.263157894737,0.0,0.0,0.0,1.0,0.0,0.0
702,1487239144.0,9000.0,0.0,0.0,09:59:04,-1.65714285714,0.428571428571,0.263157894737,0.0,1.0,0.0,0.0,0.0,0.0
703,1487239165.0,-5500.0,1.0,0.0,09:59:25,-1.65714285714,0.428571428571,0.263157894737,0.0,1.0,0.0,0.0,0.0,0.0
704,1487239185.0,2000.0,1.0,0.0,09:59:45,-1.65714285714,0.428571428571,0.263157894737,0.0,0.0,0.0,1.0,0.0,0.0
705,1487239190.0,8000.0,1.0,0.0,09:59:50,-1.65714285714,0.428571428571,0.263157894737,0.0,0.0,0.0,1.0,0.0,0.0
706,1487239201.0,10000.0,1.0,1.0,10:00:01,0.428571428571,0.263157894737,1.48780487805,0.0,0.0,0.0,0.0,1.0,0.0
707,1487239263.0,-2000.0,1.0,1.0,10:01:03,0.428571428571,0.263157894737,1.48780487805,1.0,0.0,0.0,0.0,0.0,0.0
708,1487239314.0,600.0,1.0,1.0,10:01:54,0.428571428571,0.263157894737,1.48780487805,0.0,1.0,0.0,0.0,0.0,0.0
709,1487239317.0,100000.0,1.0,1.0,10:01:57,0.428571428571,0.263157894737,1.48780487805,1.0,0.0,0.0,0.0,0.0,0.0
710,1487239393.0,-20000.0,1.0,1.0,10:03:13,0.428571428571,0.263157894737,1.48780487805,1.0,0.0,0.0,0.0,0.0,0.0
711,1487239410.0,2000.0,1.0,1.0,10:03:30,0.428571428571,0.263157894737,1.48780487805,1.0,0.0,0.0,0.0,0.0,0.0
712,1487239414.0,-8000.0,1.0,1.0,10:03:34,0.428571428571,0.263157894737,1.48780487805,0.0,0.0,0.0,0.0,0.0,1.0
713,1487239414.0,-8000.0,1.0,1.0,10:03:34,0.428571428571,0.263157894737,1.48780487805,0.0,0.0,0.0,1.0,0.0,0.0
714,1487239446.0,50000.0,1.0,1.0,10:04:06,0.428571428571,0.263157894737,1.48780487805,1.0,0.0,0.0,0.0,0.0,0.0
715,1487239504.0,-500.0,1.0,1.0,10:05:04,0.428571428571,0.263157894737,1.48780487805,0.0,0.0,0.0,1.0,0.0,0.0
716,1487239513.0,-500.0,1.0,1.0,10:05:13,0.428571428571,0.263157894737,1.48780487805,0.0,0.0,0.0,0.0,0.0,1.0
717,1487239547.0,1000.0,1.0,1.0,10:05:47,0.428571428571,0.263157894737,1.48780487805,1.0,0.0,0.0,0.0,0.0,0.0
718,1487239690.0,8000.0,1.0,1.0,10:08:10,0.428571428571,0.263157894737,1.48780487805,1.0,0.0,0.0,0.0,0.0,0.0
719,1487239698.0,13400.0,0.0,1.0,09:57:43,0.428571428571,0.263157894737,1.48780487805,0.0,0.0,0.0,0.0,0.0,1.0
720,1487239698.0,-120000.0,0.0,1.0,10:08:18,0.428571428571,0.263157894737,1.48780487805,0.0,0.0,0.0,1.0,0.0,0.0
721,1487239698.0,19900.0,0.0,1.0,10:08:18,0.428571428571,0.263157894737,1.48780487805,0.0,0.0,0.0,0.0,1.0,0.0
722,1487239815.0,-10000.0,0.0,1.0,10:10:15,0.428571428571,0.263157894737,1.48780487805,0.0,0.0,1.0,0.0,0.0,0.0
723,1487239851.0,-9000.0,0.0,1.0,10:10:51,0.428571428571,0.263157894737,1.48780487805,0.0,1.0,0.0,0.0,0.0,0.0
724,1487239851.0,9000.0,0.0,1.0,10:10:51,0.428571428571,0.263157894737,1.48780487805,1.0,0.0,0.0,0.0,0.0,0.0
725,1487239854.0,10000.0,0.0,1.0,10:10:54,0.428571428571,0.263157894737,1.48780487805,0.0,0.0,0.0,1.0,0.0,0.0
726,1487239866.0,3000.0,0.0,1.0,10:11:06,0.428571428571,0.263157894737,1.48780487805,0.0,1.0,0.0,0.0,0.0,0.0
727,1487239962.0,1000.0,0.0,1.0,10:12:42,0.428571428571,0.263157894737,1.48780487805,0.0,0.0,0.0,1.0,0.0,0.0
728,1487240006.0,-100000.0,0.0,1.0,10:13:26,0.428571428571,0.263157894737,1.48780487805,0.0,0.0,0.0,0.0,0.0,1.0
729,1487240054.0,2900.0,0.0,1.0,10:14:14,0.428571428571,0.263157894737,1.48780487805,0.0,1.0,0.0,0.0,0.0,0.0
730,1487240062.0,10000.0,0.0,1.0,10:14:22,0.428571428571,0.263157894737,1.48780487805,1.0,0.0,0.0,0.0,0.0,0.0
731,1487240066.0,-10000.0,0.0,1.0,10:14:26,0.428571428571,0.263157894737,1.48780487805,0.0,0.0,0.0,0.0,0.0,1.0
732,1487240105.0,-3000.0,0.0,1.0,10:15:05,0.428571428571,0.263157894737,1.48780487805,0.0,0.0,0.0,1.0,0.0,0.0
733,1487240105.0,-3000.0,0.0,1.0,10:15:05,0.428571428571,0.263157894737,1.48780487805,0.0,0.0,0.0,1.0,0.0,0.0
734,1487240105.0,-4000.0,0.0,1.0,10:15:05,0.428571428571,0.263157894737,1.48780487805,0.0,0.0,0.0,1.0,0.0,0.0
735,1487240109.0,-3000.0,0.0,1.0,10:15:09,0.428571428571,0.263157894737,1.48780487805,0.0,1.0,0.0,0.0,0.0,0.0
736,1487240112.0,10000.0,0.0,1.0,10:15:12,0.428571428571,0.263157894737,1.48780487805,1.0,0.0,0.0,0.0,0.0,0.0
737,1487240118.0,10000.0,0.0,1.0,10:15:18,0.428571428571,0.263157894737,1.48780487805,0.0,0.0,0.0,0.0,1.0,0.0
738,1487240127.0,1000.0,0.0,1.0,10:15:27,0.428571428571,0.263157894737,1.48780487805,0.0,1.0,0.0,0.0,0.0,0.0
739,1487240134.0,10000.0,0.0,1.0,10:15:34,0.428571428571,0.263157894737,1.48780487805,0.0,1.0,0.0,0.0,0.0,0.0
740,1487240135.0,10000.0,0.0,1.0,10:15:35,0.428571428571,0.263157894737,1.48780487805,1.0,0.0,0.0,0.0,0.0,0.0
741,1487240148.0,30000.0,0.0,1.0,10:15:48,0.428571428571,0.263157894737,1.48780487805,0.0,1.0,0.0,0.0,0.0,0.0
742,1487240192.0,4000.0,0.0,1.0,10:16:32,0.428571428571,0.263157894737,1.48780487805,1.0,0.0,0.0,0.0,0.0,0.0
743,1487240241.0,-60000.0,0.0,1.0,10:17:21,0.428571428571,0.263157894737,1.48780487805,0.0,0.0,0.0,0.0,0.0,1.0
744,1487240259.0,10000.0,0.0,1.0,10:17:39,0.428571428571,0.263157894737,1.48780487805,0.0,1.0,0.0,0.0,0.0,0.0
745,1487240316.0,20000.0,0.0,1.0,10:18:36,0.428571428571,0.263157894737,1.48780487805,0.0,1.0,0.0,0.0,0.0,0.0
746,1487240319.0,21800.0,0.0,1.0,10:18:39,0.428571428571,0.263157894737,1.48780487805,0.0,0.0,0.0,0.0,0.0,1.0
747,1487240324.0,3000.0,0.0,1.0,10:18:44,0.428571428571,0.263157894737,1.48780487805,0.0,1.0,0.0,0.0,0.0,0.0
748,1487240326.0,10000.0,0.0,1.0,10:18:46,0.428571428571,0.263157894737,1.48780487805,1.0,0.0,0.0,0.0,0.0,0.0
749,1487240350.0,2500.0,0.0,1.0,10:19:10,0.428571428571,0.263157894737,1.48780487805,0.0,0.0,0.0,1.0,0.0,0.0
750,1487240425.0,10000.0,0.0,1.0,10:20:25,0.428571428571,0.263157894737,1.48780487805,0.0,1.0,0.0,0.0,0.0,0.0
751,1487240429.0,8000.0,0.0,1.0,10:20:29,0.428571428571,0.263157894737,1.48780487805,0.0,0.0,0.0,0.0,1.0,0.0
752,1487240538.0,10000.0,0.0,1.0,10:22:18,0.428571428571,0.263157894737,1.48780487805,0.0,1.0,0.0,0.0,0.0,0.0
753,1487240558.0,60000.0,0.0,1.0,10:22:38,0.428571428571,0.263157894737,1.48780487805,0.0,0.0,0.0,1.0,0.0,0.0
754,1487240678.0,10000.0,0.0,1.0,10:24:38,0.428571428571,0.263157894737,1.48780487805,1.0,0.0,0.0,0.0,0.0,0.0
755,1487240683.0,-2000.0,0.0,1.0,10:24:43,0.428571428571,0.263157894737,1.48780487805,1.0,0.0,0.0,0.0,0.0,0.0
756,1487240711.0,20000.0,0.0,1.0,10:25:11,0.428571428571,0.263157894737,1.48780487805,1.0,0.0,0.0,0.0,0.0,0.0
757,1487240736.0,100.0,0.0,1.0,10:25:36,0.428571428571,0.263157894737,1.48780487805,1.0,0.0,0.0,0.0,0.0,0.0
758,1487240867.0,200.0,0.0,1.0,10:27:47,0.428571428571,0.263157894737,1.48780487805,0.0,1.0,0.0,0.0,0.0,0.0
759,1487240873.0,200.0,0.0,1.0,10:27:53,0.428571428571,0.263157894737,1.48780487805,0.0,1.0,0.0,0.0,0.0,0.0
760,1487240918.0,-27800.0,0.0,1.0,10:08:52,0.428571428571,0.263157894737,1.48780487805,0.0,0.0,1.0,0.0,0.0,0.0
761,1487240942.0,-24300.0,1.0,1.0,10:29:02,0.428571428571,0.263157894737,1.48780487805,0.0,1.0,0.0,0.0,0.0,0.0
762,1487240960.0,-30000.0,1.0,1.0,10:29:20,0.428571428571,0.263157894737,1.48780487805,0.0,0.0,1.0,0.0,0.0,0.0
763,1487241018.0,10000.0,1.0,2.0,10:30:18,0.263157894737,1.48780487805,2.41176470588,0.0,1.0,0.0,0.0,0.0,0.0
764,1487241091.0,-10000.0,1.0,2.0,10:31:31,0.263157894737,1.48780487805,2.41176470588,1.0,0.0,0.0,0.0,0.0,0.0
765,1487241101.0,100000.0,1.0,2.0,10:31:41,0.263157894737,1.48780487805,2.41176470588,1.0,0.0,0.0,0.0,0.0,0.0
766,1487241108.0,10000.0,1.0,2.0,10:31:48,0.263157894737,1.48780487805,2.41176470588,1.0,0.0,0.0,0.0,0.0,0.0
767,1487241119.0,-100000.0,1.0,2.0,10:31:59,0.263157894737,1.48780487805,2.41176470588,1.0,0.0,0.0,0.0,0.0,0.0
768,1487241142.0,10000.0,1.0,2.0,10:32:22,0.263157894737,1.48780487805,2.41176470588,1.0,0.0,0.0,0.0,0.0,0.0
769,1487241164.0,5000.0,1.0,2.0,10:32:44,0.263157894737,1.48780487805,2.41176470588,0.0,0.0,0.0,0.0,1.0,0.0
770,1487241208.0,-30000.0,1.0,2.0,10:33:28,0.263157894737,1.48780487805,2.41176470588,1.0,0.0,0.0,0.0,0.0,0.0
771,1487241211.0,65900.0,1.0,2.0,10:33:31,0.263157894737,1.48780487805,2.41176470588,0.0,0.0,0.0,0.0,1.0,0.0
772,1487241220.0,-10000.0,1.0,2.0,10:33:40,0.263157894737,1.48780487805,2.41176470588,0.0,0.0,1.0,0.0,0.0,0.0
773,1487241233.0,-65900.0,1.0,2.0,10:33:53,0.263157894737,1.48780487805,2.41176470588,0.0,0.0,0.0,0.0,1.0,0.0
774,1487241236.0,10000.0,1.0,2.0,10:33:56,0.263157894737,1.48780487805,2.41176470588,0.0,0.0,0.0,0.0,1.0,0.0
775,1487241267.0,36200.0,1.0,2.0,10:02:08,0.263157894737,1.48780487805,2.41176470588,0.0,0.0,1.0,0.0,0.0,0.0
776,1487241278.0,-10000.0,1.0,2.0,10:34:38,0.263157894737,1.48780487805,2.41176470588,1.0,0.0,0.0,0.0,0.0,0.0
777,1487241281.0,32000.0,1.0,2.0,10:34:41,0.263157894737,1.48780487805,2.41176470588,0.0,1.0,0.0,0.0,0.0,0.0
778,1487241379.0,300000.0,1.0,2.0,10:36:19,0.263157894737,1.48780487805,2.41176470588,0.0,1.0,0.0,0.0,0.0,0.0
779,1487241421.0,-200000.0,1.0,2.0,10:37:01,0.263157894737,1.48780487805,2.41176470588,0.0,1.0,0.0,0.0,0.0,0.0
780,1487241440.0,22600.0,1.0,2.0,10:37:20,0.263157894737,1.48780487805,2.41176470588,0.0,0.0,0.0,1.0,0.0,0.0
781,1487241516.0,7000.0,1.0,2.0,10:38:36,0.263157894737,1.48780487805,2.41176470588,0.0,0.0,0.0,1.0,0.0,0.0
782,1487241637.0,-7200.0,1.0,2.0,10:40:37,0.263157894737,1.48780487805,2.41176470588,0.0,0.0,0.0,0.0,1.0,0.0
783,1487241649.0,7200.0,1.0,2.0,10:02:08,0.263157894737,1.48780487805,2.41176470588,0.0,0.0,1.0,0.0,0.0,0.0
784,1487241657.0,-82100.0,2.0,2.0,10:40:57,0.263157894737,1.48780487805,2.41176470588,0.0,1.0,0.0,0.0,0.0,0.0
785,1487241684.0,3000.0,2.0,2.0,10:41:24,0.263157894737,1.48780487805,2.41176470588,0.0,1.0,0.0,0.0,0.0,0.0
786,1487241691.0,200000.0,2.0,2.0,10:41:31,0.263157894737,1.48780487805,2.41176470588,0.0,1.0,0.0,0.0,0.0,0.0
787,1487241705.0,20000.0,2.0,2.0,10:41:45,0.263157894737,1.48780487805,2.41176470588,0.0,1.0,0.0,0.0,0.0,0.0
788,1487241758.0,10000.0,2.0,2.0,10:42:38,0.263157894737,1.48780487805,2.41176470588,0.0,0.0,0.0,1.0,0.0,0.0
789,1487241763.0,-8000.0,2.0,2.0,10:42:43,0.263157894737,1.48780487805,2.41176470588,0.0,0.0,0.0,0.0,0.0,1.0
790,1487241771.0,5000.0,2.0,2.0,10:42:51,0.263157894737,1.48780487805,2.41176470588,0.0,0.0,0.0,1.0,0.0,0.0
791,1487241839.0,200.0,2.0,2.0,10:43:59,0.263157894737,1.48780487805,2.41176470588,0.0,0.0,0.0,0.0,1.0,0.0
792,1487241848.0,100.0,2.0,2.0,10:44:08,0.263157894737,1.48780487805,2.41176470588,0.0,0.0,0.0,1.0,0.0,0.0
793,1487241852.0,300.0,2.0,2.0,10:44:12,0.263157894737,1.48780487805,2.41176470588,0.0,0.0,0.0,1.0,0.0,0.0
794,1487242072.0,-32000.0,2.0,2.0,10:47:52,0.263157894737,1.48780487805,2.41176470588,1.0,0.0,0.0,0.0,0.0,0.0
795,1487242128.0,-30000.0,2.0,2.0,10:48:48,0.263157894737,1.48780487805,2.41176470588,0.0,0.0,0.0,0.0,0.0,1.0
796,1487242152.0,10000.0,2.0,2.0,10:49:12,0.263157894737,1.48780487805,2.41176470588,0.0,0.0,0.0,1.0,0.0,0.0
797,1487242193.0,32000.0,2.0,2.0,10:49:53,0.263157894737,1.48780487805,2.41176470588,0.0,1.0,0.0,0.0,0.0,0.0
798,1487242211.0,-10000.0,2.0,2.0,10:50:11,0.263157894737,1.48780487805,2.41176470588,1.0,0.0,0.0,0.0,0.0,0.0
799,1487242229.0,10000.0,2.0,2.0,10:50:29,0.263157894737,1.48780487805,2.41176470588,1.0,0.0,0.0,0.0,0.0,0.0
800,1487242612.0,10000.0,2.0,2.0,10:56:52,0.263157894737,1.48780487805,2.41176470588,1.0,0.0,0.0,0.0,0.0,0.0
801,1487242658.0,9000.0,2.0,2.0,10:57:38,0.263157894737,1.48780487805,2.41176470588,1.0,0.0,0.0,0.0,0.0,0.0
802,1487242697.0,-30000.0,2.0,2.0,10:58:17,0.263157894737,1.48780487805,2.41176470588,0.0,0.0,0.0,0.0,0.0,1.0
803,1487242744.0,-2500.0,2.0,2.0,10:59:04,0.263157894737,1.48780487805,2.41176470588,0.0,0.0,0.0,0.0,0.0,1.0
804,1487243043.0,-40000.0,2.0,3.0,11:04:03,1.48780487805,2.41176470588,3.26315789474,0.0,0.0,0.0,0.0,0.0,1.0
805,1487243142.0,100.0,2.0,3.0,11:05:42,1.48780487805,2.41176470588,3.26315789474,0.0,0.0,0.0,0.0,1.0,0.0
806,1487243346.0,16900.0,2.0,3.0,11:09:06,1.48780487805,2.41176470588,3.26315789474,0.0,0.0,0.0,1.0,0.0,0.0
807,1487243362.0,20000.0,2.0,3.0,11:09:22,1.48780487805,2.41176470588,3.26315789474,0.0,0.0,0.0,1.0,0.0,0.0
808,1487243375.0,30000.0,2.0,3.0,11:09:35,1.48780487805,2.41176470588,3.26315789474,0.0,0.0,0.0,1.0,0.0,0.0
809,1487243455.0,-13600.0,2.0,3.0,10:24:20,1.48780487805,2.41176470588,3.26315789474,0.0,0.0,1.0,0.0,0.0,0.0
810,1487243474.0,-89200.0,2.0,3.0,11:11:14,1.48780487805,2.41176470588,3.26315789474,0.0,0.0,0.0,0.0,1.0,0.0
811,1487243483.0,89200.0,2.0,3.0,10:24:20,1.48780487805,2.41176470588,3.26315789474,0.0,0.0,1.0,0.0,0.0,0.0
812,1487243485.0,50000.0,2.0,3.0,11:11:25,1.48780487805,2.41176470588,3.26315789474,1.0,0.0,0.0,0.0,0.0,0.0
813,1487243485.0,-424100.0,3.0,3.0,11:11:25,1.48780487805,2.41176470588,3.26315789474,0.0,1.0,0.0,0.0,0.0,0.0
814,1487243504.0,424100.0,2.0,3.0,11:11:25,1.48780487805,2.41176470588,3.26315789474,0.0,0.0,0.0,0.0,0.0,1.0
815,1487243504.0,-104200.0,2.0,3.0,11:11:44,1.48780487805,2.41176470588,3.26315789474,0.0,0.0,0.0,0.0,1.0,0.0
816,1487243510.0,104200.0,2.0,3.0,10:24:20,1.48780487805,2.41176470588,3.26315789474,0.0,0.0,1.0,0.0,0.0,0.0
817,1487243533.0,20000.0,2.0,3.0,11:12:13,1.48780487805,2.41176470588,3.26315789474,0.0,0.0,0.0,1.0,0.0,0.0
818,1487243550.0,100.0,2.0,3.0,11:12:30,1.48780487805,2.41176470588,3.26315789474,0.0,0.0,0.0,1.0,0.0,0.0
819,1487243566.0,5000.0,2.0,3.0,11:12:46,1.48780487805,2.41176470588,3.26315789474,0.0,0.0,0.0,1.0,0.0,0.0
820,1487243659.0,200000.0,2.0,3.0,11:14:19,1.48780487805,2.41176470588,3.26315789474,0.0,1.0,0.0,0.0,0.0,0.0
821,1487243798.0,-89300.0,2.0,3.0,11:16:38,1.48780487805,2.41176470588,3.26315789474,0.0,0.0,0.0,0.0,1.0,0.0
822,1487243925.0,89300.0,2.0,3.0,11:12:46,1.48780487805,2.41176470588,3.26315789474,0.0,0.0,1.0,0.0,0.0,0.0
823,1487243967.0,-109300.0,2.0,3.0,11:19:27,1.48780487805,2.41176470588,3.26315789474,0.0,0.0,0.0,0.0,1.0,0.0
824,1487243983.0,109300.0,2.0,3.0,11:12:46,1.48780487805,2.41176470588,3.26315789474,0.0,0.0,1.0,0.0,0.0,0.0
825,1487244064.0,10000.0,2.0,3.0,11:21:04,1.48780487805,2.41176470588,3.26315789474,0.0,0.0,0.0,0.0,1.0,0.0
826,1487244120.0,-69300.0,2.0,3.0,11:22:00,1.48780487805,2.41176470588,3.26315789474,0.0,0.0,0.0,0.0,1.0,0.0
827,1487244137.0,10000.0,2.0,3.0,11:22:17,1.48780487805,2.41176470588,3.26315789474,0.0,1.0,0.0,0.0,0.0,0.0
828,1487244138.0,69300.0,2.0,3.0,11:12:46,1.48780487805,2.41176470588,3.26315789474,0.0,0.0,1.0,0.0,0.0,0.0
829,1487244234.0,-12600.0,2.0,3.0,11:23:54,1.48780487805,2.41176470588,3.26315789474,0.0,0.0,0.0,0.0,1.0,0.0
830,1487244257.0,-106800.0,2.0,3.0,11:24:17,1.48780487805,2.41176470588,3.26315789474,0.0,0.0,0.0,0.0,1.0,0.0
831,1487244265.0,106800.0,2.0,3.0,11:12:46,1.48780487805,2.41176470588,3.26315789474,0.0,0.0,1.0,0.0,0.0,0.0
832,1487244280.0,-419100.0,3.0,3.0,11:24:40,1.48780487805,2.41176470588,3.26315789474,0.0,1.0,0.0,0.0,0.0,0.0
833,1487244280.0,-100.0,3.0,3.0,11:24:40,1.48780487805,2.41176470588,3.26315789474,0.0,0.0,0.0,0.0,0.0,1.0
834,1487244305.0,-10000.0,3.0,3.0,11:25:05,1.48780487805,2.41176470588,3.26315789474,1.0,0.0,0.0,0.0,0.0,0.0
835,1487244320.0,10000.0,3.0,3.0,11:25:20,1.48780487805,2.41176470588,3.26315789474,1.0,0.0,0.0,0.0,0.0,0.0
836,1487244347.0,419200.0,2.0,3.0,11:11:25,1.48780487805,2.41176470588,3.26315789474,0.0,0.0,0.0,0.0,0.0,1.0
837,1487244347.0,-69200.0,2.0,3.0,11:25:47,1.48780487805,2.41176470588,3.26315789474,0.0,0.0,0.0,0.0,1.0,0.0
838,1487244353.0,-10000.0,2.0,3.0,11:25:53,1.48780487805,2.41176470588,3.26315789474,0.0,0.0,1.0,0.0,0.0,0.0
839,1487244354.0,-419100.0,3.0,3.0,11:25:54,1.48780487805,2.41176470588,3.26315789474,0.0,0.0,1.0,0.0,0.0,0.0
840,1487244354.0,79200.0,3.0,3.0,11:12:46,1.48780487805,2.41176470588,3.26315789474,0.0,0.0,0.0,0.0,1.0,0.0
841,1487244400.0,10000.0,3.0,3.0,11:26:40,1.48780487805,2.41176470588,3.26315789474,0.0,1.0,0.0,0.0,0.0,0.0
842,1487244425.0,100000.0,3.0,3.0,11:27:05,1.48780487805,2.41176470588,3.26315789474,0.0,1.0,0.0,0.0,0.0,0.0
843,1487244502.0,-6600.0,3.0,3.0,11:28:22,1.48780487805,2.41176470588,3.26315789474,0.0,0.0,1.0,0.0,0.0,0.0
844,1487244519.0,-2000.0,3.0,3.0,11:28:39,1.48780487805,2.41176470588,3.26315789474,0.0,0.0,0.0,0.0,1.0,0.0
845,1487244520.0,10000.0,3.0,3.0,11:28:40,1.48780487805,2.41176470588,3.26315789474,0.0,0.0,0.0,1.0,0.0,0.0
846,1487244520.0,10000.0,3.0,3.0,11:28:40,1.48780487805,2.41176470588,3.26315789474,1.0,0.0,0.0,0.0,0.0,0.0
847,1487244523.0,10000.0,3.0,3.0,11:28:43,1.48780487805,2.41176470588,3.26315789474,0.0,0.0,0.0,1.0,0.0,0.0
848,1487244539.0,-20000.0,3.0,3.0,11:28:59,1.48780487805,2.41176470588,3.26315789474,0.0,0.0,1.0,0.0,0.0,0.0
849,1487244542.0,20000.0,3.0,3.0,11:29:02,1.48780487805,2.41176470588,3.26315789474,0.0,1.0,0.0,0.0,0.0,0.0
850,1487244544.0,20000.0,3.0,3.0,11:29:04,1.48780487805,2.41176470588,3.26315789474,1.0,0.0,0.0,0.0,0.0,0.0
851,1487244548.0,10000.0,3.0,3.0,11:29:08,1.48780487805,2.41176470588,3.26315789474,0.0,0.0,0.0,0.0,1.0,0.0
852,1487244572.0,2000.0,3.0,3.0,11:29:32,1.48780487805,2.41176470588,3.26315789474,0.0,0.0,0.0,1.0,0.0,0.0
853,1487244577.0,3000.0,3.0,3.0,11:29:37,1.48780487805,2.41176470588,3.26315789474,0.0,0.0,0.0,1.0,0.0,0.0
854,1487244593.0,100000.0,3.0,3.0,11:29:53,1.48780487805,2.41176470588,3.26315789474,0.0,0.0,0.0,1.0,0.0,0.0
855,1487244602.0,3000.0,3.0,4.0,11:30:02,2.41176470588,3.26315789474,3.0,0.0,0.0,0.0,1.0,0.0,0.0
856,1487244624.0,4000.0,3.0,4.0,11:30:24,2.41176470588,3.26315789474,3.0,0.0,0.0,0.0,1.0,0.0,0.0
857,1487244630.0,-8000.0,3.0,4.0,11:30:30,2.41176470588,3.26315789474,3.0,0.0,0.0,1.0,0.0,0.0,0.0
858,1487244642.0,10000.0,3.0,4.0,11:30:42,2.41176470588,3.26315789474,3.0,0.0,0.0,0.0,1.0,0.0,0.0
859,1487244643.0,300000.0,3.0,4.0,11:30:43,2.41176470588,3.26315789474,3.0,0.0,1.0,0.0,0.0,0.0,0.0
860,1487244649.0,3000.0,3.0,4.0,11:30:49,2.41176470588,3.26315789474,3.0,0.0,0.0,0.0,1.0,0.0,0.0
861,1487244652.0,-300000.0,3.0,4.0,11:30:52,2.41176470588,3.26315789474,3.0,0.0,1.0,0.0,0.0,0.0,0.0
862,1487244660.0,8900.0,3.0,4.0,11:31:00,2.41176470588,3.26315789474,3.0,0.0,0.0,0.0,0.0,1.0,0.0
863,1487244692.0,-20000.0,3.0,4.0,11:31:32,2.41176470588,3.26315789474,3.0,1.0,0.0,0.0,0.0,0.0,0.0
864,1487244702.0,-20000.0,3.0,4.0,11:31:42,2.41176470588,3.26315789474,3.0,1.0,0.0,0.0,0.0,0.0,0.0
865,1487244767.0,10000.0,3.0,4.0,11:32:47,2.41176470588,3.26315789474,3.0,1.0,0.0,0.0,0.0,0.0,0.0
866,1487244794.0,25000.0,3.0,4.0,11:33:14,2.41176470588,3.26315789474,3.0,0.0,0.0,0.0,1.0,0.0,0.0
867,1487244892.0,10000.0,3.0,4.0,11:34:52,2.41176470588,3.26315789474,3.0,0.0,0.0,0.0,0.0,1.0,0.0
868,1487244914.0,1000.0,3.0,4.0,11:35:14,2.41176470588,3.26315789474,3.0,1.0,0.0,0.0,0.0,0.0,0.0
869,1487244994.0,-1000.0,3.0,4.0,11:36:34,2.41176470588,3.26315789474,3.0,1.0,0.0,0.0,0.0,0.0,0.0
870,1487245102.0,10000.0,3.0,4.0,11:38:22,2.41176470588,3.26315789474,3.0,0.0,0.0,0.0,1.0,0.0,0.0
871,1487245109.0,-10000.0,3.0,4.0,11:38:29,2.41176470588,3.26315789474,3.0,1.0,0.0,0.0,0.0,0.0,0.0
872,1487245161.0,100.0,3.0,4.0,11:39:21,2.41176470588,3.26315789474,3.0,0.0,0.0,0.0,0.0,1.0,0.0
873,1487245291.0,-50000.0,3.0,4.0,11:41:31,2.41176470588,3.26315789474,3.0,0.0,0.0,1.0,0.0,0.0,0.0
874,1487245329.0,200.0,3.0,4.0,11:42:09,2.41176470588,3.26315789474,3.0,0.0,0.0,0.0,0.0,1.0,0.0
875,1487245336.0,200.0,3.0,4.0,11:42:16,2.41176470588,3.26315789474,3.0,0.0,0.0,0.0,1.0,0.0,0.0
876,1487245443.0,10000.0,3.0,4.0,11:44:03,2.41176470588,3.26315789474,3.0,0.0,0.0,0.0,1.0,0.0,0.0
877,1487245448.0,10000.0,3.0,4.0,11:44:08,2.41176470588,3.26315789474,3.0,0.0,0.0,0.0,1.0,0.0,0.0
878,1487245552.0,-25500.0,3.0,4.0,11:45:52,2.41176470588,3.26315789474,3.0,0.0,0.0,1.0,0.0,0.0,0.0
879,1487245589.0,1000.0,3.0,4.0,11:46:29,2.41176470588,3.26315789474,3.0,0.0,0.0,0.0,1.0,0.0,0.0
880,1487245705.0,10000.0,3.0,4.0,11:48:25,2.41176470588,3.26315789474,3.0,0.0,0.0,0.0,0.0,1.0,0.0
881,1487245785.0,30000.0,3.0,4.0,11:49:45,2.41176470588,3.26315789474,3.0,0.0,1.0,0.0,0.0,0.0,0.0
882,1487245916.0,5700.0,3.0,4.0,11:51:56,2.41176470588,3.26315789474,3.0,0.0,0.0,0.0,1.0,0.0,0.0
883,1487246053.0,-142200.0,4.0,4.0,11:54:13,2.41176470588,3.26315789474,3.0,0.0,0.0,1.0,0.0,0.0,0.0
884,1487246053.0,114600.0,4.0,4.0,11:51:28,2.41176470588,3.26315789474,3.0,0.0,0.0,0.0,0.0,1.0,0.0
885,1487246066.0,-300.0,4.0,4.0,11:54:26,2.41176470588,3.26315789474,3.0,0.0,0.0,0.0,0.0,1.0,0.0
886,1487246071.0,200.0,4.0,4.0,11:54:31,2.41176470588,3.26315789474,3.0,0.0,0.0,0.0,0.0,1.0,0.0
887,1487246075.0,300.0,4.0,4.0,11:54:35,2.41176470588,3.26315789474,3.0,0.0,0.0,0.0,1.0,0.0,0.0
888,1487246079.0,400.0,4.0,4.0,11:54:39,2.41176470588,3.26315789474,3.0,0.0,0.0,0.0,1.0,0.0,0.0
889,1487246082.0,-20000.0,4.0,4.0,11:54:42,2.41176470588,3.26315789474,3.0,0.0,0.0,1.0,0.0,0.0,0.0
890,1487246083.0,400.0,4.0,4.0,11:54:43,2.41176470588,3.26315789474,3.0,0.0,0.0,0.0,1.0,0.0,0.0
891,1487246105.0,-10000.0,4.0,4.0,11:55:05,2.41176470588,3.26315789474,3.0,0.0,0.0,0.0,0.0,0.0,1.0
892,1487246106.0,-100.0,4.0,4.0,11:55:06,2.41176470588,3.26315789474,3.0,0.0,0.0,1.0,0.0,0.0,0.0
893,1487246124.0,100.0,4.0,4.0,11:55:24,2.41176470588,3.26315789474,3.0,0.0,0.0,0.0,1.0,0.0,0.0
894,1487246146.0,5000.0,4.0,4.0,11:55:46,2.41176470588,3.26315789474,3.0,0.0,0.0,0.0,0.0,1.0,0.0
895,1487246149.0,2500.0,4.0,4.0,11:55:49,2.41176470588,3.26315789474,3.0,0.0,1.0,0.0,0.0,0.0,0.0
896,1487246160.0,10000.0,4.0,4.0,11:56:00,2.41176470588,3.26315789474,3.0,1.0,0.0,0.0,0.0,0.0,0.0
897,1487246160.0,100.0,4.0,4.0,11:56:00,2.41176470588,3.26315789474,3.0,0.0,0.0,0.0,0.0,1.0,0.0
898,1487246164.0,149700.0,3.0,4.0,11:31:42,2.41176470588,3.26315789474,3.0,0.0,0.0,0.0,0.0,0.0,1.0
899,1487246164.0,-207200.0,3.0,4.0,11:56:04,2.41176470588,3.26315789474,3.0,0.0,0.0,0.0,0.0,1.0,0.0
900,1487246167.0,12000.0,3.0,4.0,11:56:07,2.41176470588,3.26315789474,3.0,0.0,0.0,0.0,0.0,1.0,0.0
901,1487246176.0,100.0,3.0,4.0,11:56:16,2.41176470588,3.26315789474,3.0,1.0,0.0,0.0,0.0,0.0,0.0
902,1487246189.0,100.0,3.0,4.0,11:56:29,2.41176470588,3.26315789474,3.0,1.0,0.0,0.0,0.0,0.0,0.0
903,1487246204.0,10000.0,3.0,4.0,11:56:44,2.41176470588,3.26315789474,3.0,0.0,0.0,0.0,1.0,0.0,0.0
904,1487246225.0,13200.0,3.0,4.0,11:57:05,2.41176470588,3.26315789474,3.0,0.0,0.0,0.0,0.0,1.0,0.0
905,1487246247.0,-50000.0,3.0,4.0,11:57:27,2.41176470588,3.26315789474,3.0,0.0,0.0,1.0,0.0,0.0,0.0
906,1487246268.0,3000.0,3.0,4.0,11:57:48,2.41176470588,3.26315789474,3.0,0.0,0.0,0.0,0.0,1.0,0.0
907,1487246268.0,-5000.0,3.0,4.0,11:57:48,2.41176470588,3.26315789474,3.0,0.0,0.0,0.0,1.0,0.0,0.0
908,1487246281.0,2000.0,3.0,4.0,11:58:01,2.41176470588,3.26315789474,3.0,0.0,0.0,0.0,0.0,1.0,0.0
909,1487246317.0,100000.0,3.0,4.0,11:58:37,2.41176470588,3.26315789474,3.0,0.0,0.0,0.0,0.0,1.0,0.0
910,1487246353.0,50000.0,3.0,4.0,11:59:13,2.41176470588,3.26315789474,3.0,0.0,0.0,0.0,1.0,0.0,0.0
911,1487246380.0,10000.0,3.0,4.0,11:59:40,2.41176470588,3.26315789474,3.0,0.0,0.0,0.0,1.0,0.0,0.0
912,1487246502.0,5000.0,3.0,5.0,12:01:42,3.26315789474,3.0,3.0,0.0,0.0,0.0,0.0,1.0,0.0
913,1487246601.0,50000.0,3.0,5.0,12:03:21,3.26315789474,3.0,3.0,0.0,0.0,0.0,1.0,0.0,0.0
914,1487247404.0,-500.0,3.0,5.0,12:16:44,3.26315789474,3.0,3.0,1.0,0.0,0.0,0.0,0.0,0.0
915,1487247569.0,10000.0,3.0,5.0,12:19:29,3.26315789474,3.0,3.0,1.0,0.0,0.0,0.0,0.0,0.0
916,1487247591.0,10000.0,3.0,5.0,12:19:51,3.26315789474,3.0,3.0,0.0,0.0,0.0,0.0,1.0,0.0
917,1487248063.0,25000.0,3.0,5.0,12:27:43,3.26315789474,3.0,3.0,1.0,0.0,0.0,0.0,0.0,0.0
918,1487248095.0,50000.0,3.0,5.0,12:28:15,3.26315789474,3.0,3.0,0.0,0.0,0.0,1.0,0.0,0.0
919,1487253600.0,90000.0,3.0,6.0,14:00:00,3.0,3.0,3.0,1.0,0.0,0.0,0.0,0.0,0.0
920,1487253600.0,-140000.0,3.0,6.0,14:00:00,3.0,3.0,3.0,1.0,0.0,0.0,0.0,0.0,0.0
921,1487255522.0,-1000.0,3.0,7.0,14:32:02,3.0,3.0,2.42857142857,0.0,0.0,0.0,1.0,0.0,0.0
922,1487255535.0,1000.0,3.0,7.0,14:32:15,3.0,3.0,2.42857142857,0.0,0.0,0.0,0.0,1.0,0.0
923,1487255598.0,-10000.0,3.0,7.0,14:33:18,3.0,3.0,2.42857142857,0.0,0.0,0.0,1.0,0.0,0.0
924,1487255604.0,20000.0,3.0,7.0,14:33:24,3.0,3.0,2.42857142857,0.0,0.0,0.0,0.0,1.0,0.0
925,1487255604.0,-10000.0,3.0,7.0,14:33:24,3.0,3.0,2.42857142857,0.0,0.0,0.0,1.0,0.0,0.0
926,1487255750.0,-30000.0,3.0,7.0,14:35:50,3.0,3.0,2.42857142857,0.0,1.0,0.0,0.0,0.0,0.0
927,1487256126.0,10000.0,3.0,7.0,14:42:06,3.0,3.0,2.42857142857,0.0,0.0,0.0,1.0,0.0,0.0
928,1487256658.0,10000.0,3.0,7.0,14:50:58,3.0,3.0,2.42857142857,0.0,0.0,0.0,0.0,1.0,0.0
929,1487256888.0,-20000.0,3.0,7.0,14:54:48,3.0,3.0,2.42857142857,0.0,0.0,0.0,0.0,0.0,1.0
930,1487256888.0,-20000.0,3.0,7.0,14:54:48,3.0,3.0,2.42857142857,0.0,0.0,0.0,0.0,1.0,0.0
931,1487257480.0,-1000.0,3.0,8.0,15:04:40,3.0,2.42857142857,2.0,0.0,0.0,0.0,0.0,0.0,1.0
932,1487257487.0,-20000.0,3.0,8.0,15:04:47,3.0,2.42857142857,2.0,1.0,0.0,0.0,0.0,0.0,0.0
933,1487257558.0,-20000.0,3.0,8.0,15:05:58,3.0,2.42857142857,2.0,0.0,1.0,0.0,0.0,0.0,0.0
934,1487257611.0,-50000.0,3.0,8.0,15:06:51,3.0,2.42857142857,2.0,0.0,0.0,0.0,0.0,0.0,1.0
935,1487257611.0,-50000.0,3.0,8.0,15:06:51,3.0,2.42857142857,2.0,0.0,0.0,0.0,1.0,0.0,0.0
936,1487257636.0,-10000.0,3.0,8.0,15:07:16,3.0,2.42857142857,2.0,0.0,0.0,0.0,0.0,0.0,1.0
937,1487257653.0,-20000.0,3.0,8.0,15:07:33,3.0,2.42857142857,2.0,0.0,0.0,0.0,0.0,0.0,1.0
938,1487257654.0,100000.0,3.0,8.0,15:07:34,3.0,2.42857142857,2.0,1.0,0.0,0.0,0.0,0.0,0.0
939,1487257663.0,-10000.0,3.0,8.0,15:07:43,3.0,2.42857142857,2.0,0.0,0.0,0.0,0.0,1.0,0.0
940,1487257676.0,430000.0,2.0,8.0,14:43:28,3.0,2.42857142857,2.0,0.0,0.0,0.0,0.0,0.0,1.0
941,1487257676.0,-203700.0,2.0,8.0,15:07:56,3.0,2.42857142857,2.0,0.0,0.0,0.0,0.0,1.0,0.0
942,1487257705.0,203700.0,2.0,8.0,14:33:24,3.0,2.42857142857,2.0,0.0,0.0,1.0,0.0,0.0,0.0
943,1487257816.0,2000.0,2.0,8.0,15:10:16,3.0,2.42857142857,2.0,1.0,0.0,0.0,0.0,0.0,0.0
944,1487257904.0,14700.0,2.0,8.0,15:11:44,3.0,2.42857142857,2.0,0.0,1.0,0.0,0.0,0.0,0.0
945,1487257951.0,20000.0,2.0,8.0,15:12:31,3.0,2.42857142857,2.0,1.0,0.0,0.0,0.0,0.0,0.0
946,1487257982.0,-203700.0,2.0,8.0,15:13:02,3.0,2.42857142857,2.0,0.0,0.0,0.0,0.0,1.0,0.0
947,1487258072.0,203700.0,2.0,8.0,14:33:24,3.0,2.42857142857,2.0,0.0,0.0,1.0,0.0,0.0,0.0
948,1487258511.0,7000.0,2.0,8.0,15:21:51,3.0,2.42857142857,2.0,1.0,0.0,0.0,0.0,0.0,0.0
949,1487258659.0,10000.0,2.0,8.0,15:24:19,3.0,2.42857142857,2.0,0.0,1.0,0.0,0.0,0.0,0.0
950,1487258737.0,20000.0,2.0,8.0,15:25:37,3.0,2.42857142857,2.0,1.0,0.0,0.0,0.0,0.0,0.0
951,1487258756.0,20000.0,2.0,8.0,15:25:56,3.0,2.42857142857,2.0,1.0,0.0,0.0,0.0,0.0,0.0
952,1487259140.0,-399000.0,3.0,9.0,15:32:20,2.42857142857,2.0,1.0,0.0,1.0,0.0,0.0,0.0,0.0
953,1487259325.0,600.0,3.0,9.0,15:35:25,2.42857142857,2.0,1.0,0.0,0.0,0.0,0.0,1.0,0.0
954,1487259480.0,3000.0,3.0,9.0,15:38:00,2.42857142857,2.0,1.0,0.0,0.0,0.0,1.0,0.0,0.0
955,1487259487.0,-370000.0,3.0,9.0,15:38:07,2.42857142857,2.0,1.0,0.0,0.0,0.0,0.0,0.0,1.0
956,1487259487.0,399000.0,2.0,9.0,14:43:28,2.42857142857,2.0,1.0,0.0,1.0,0.0,0.0,0.0,0.0
957,1487259543.0,20000.0,2.0,9.0,15:39:03,2.42857142857,2.0,1.0,0.0,1.0,0.0,0.0,0.0,0.0
958,1487259570.0,-205400.0,2.0,9.0,15:39:30,2.42857142857,2.0,1.0,0.0,0.0,0.0,0.0,1.0,0.0
959,1487259792.0,100.0,2.0,9.0,15:43:12,2.42857142857,2.0,1.0,0.0,0.0,0.0,1.0,0.0,0.0
960,1487259819.0,100.0,2.0,9.0,15:43:39,2.42857142857,2.0,1.0,1.0,0.0,0.0,0.0,0.0,0.0
961,1487259862.0,-20000.0,2.0,9.0,15:44:22,2.42857142857,2.0,1.0,0.0,0.0,0.0,0.0,0.0,1.0
962,1487260020.0,10000.0,2.0,9.0,15:47:00,2.42857142857,2.0,1.0,1.0,0.0,0.0,0.0,0.0,0.0
963,1487260076.0,20000.0,2.0,9.0,15:47:56,2.42857142857,2.0,1.0,0.0,0.0,0.0,0.0,1.0,0.0
964,1487260101.0,-9000.0,2.0,9.0,15:48:21,2.42857142857,2.0,1.0,1.0,0.0,0.0,0.0,0.0,0.0
965,1487260178.0,3000.0,2.0,9.0,15:49:38,2.42857142857,2.0,1.0,1.0,0.0,0.0,0.0,0.0,0.0
966,1487260182.0,1000.0,2.0,9.0,15:49:42,2.42857142857,2.0,1.0,1.0,0.0,0.0,0.0,0.0,0.0
967,1487260187.0,8000.0,2.0,9.0,15:49:47,2.42857142857,2.0,1.0,1.0,0.0,0.0,0.0,0.0,0.0
968,1487260202.0,1000.0,2.0,9.0,15:50:02,2.42857142857,2.0,1.0,1.0,0.0,0.0,0.0,0.0,0.0
969,1487260257.0,82800.0,1.0,9.0,14:28:24,2.42857142857,2.0,1.0,0.0,0.0,0.0,0.0,0.0,1.0
970,1487260257.0,-92600.0,1.0,9.0,15:50:57,2.42857142857,2.0,1.0,0.0,0.0,0.0,0.0,1.0,0.0
971,1487260434.0,5000.0,1.0,9.0,15:53:54,2.42857142857,2.0,1.0,0.0,1.0,0.0,0.0,0.0,0.0
972,1487260601.0,-2500.0,1.0,9.0,15:56:41,2.42857142857,2.0,1.0,0.0,0.0,1.0,0.0,0.0,0.0
