,BidOffer,Date,Timestamp,difBO,spread,tf30,time,typeBO,previous,avg,predict
699,"[126, 125, 124, 123, 122, 99100, 104500, 300000, 77100, 15500, 128, 129, 130, 131, 132, 26000, 187500, 88100, 215500, 36000, 596200, 553100]",2017-02-16,1487239114.0,9300.0,0.0,0.0,09:58:34,Buy,-1.65714285714,0.428571428571,0.263157894737
700,"[126, 125, 124, 123, 122, 129100, 104500, 300000, 77100, 15500, 128, 129, 130, 131, 132, 26000, 187500, 88100, 215500, 36000, 626200, 553100]",2017-02-16,1487239116.0,30000.0,0.0,0.0,09:58:36,Bid is slot 0,-1.65714285714,0.428571428571,0.263157894737
701,"[126, 125, 124, 123, 122, 129100, 104500, 300000, 77100, 15500, 128, 129, 130, 131, 132, 26000, 187500, 88100, 215500, 38000, 626200, 555100]",2017-02-16,1487239143.0,2000.0,0.0,0.0,09:59:03,Offer Not slot 0,-1.65714285714,0.428571428571,0.263157894737
702,"[126, 125, 124, 123, 122, 138100, 104500, 300000, 77100, 15500, 128, 129, 130, 131, 132, 26000, 187500, 88100, 215500, 38000, 635200, 555100]",2017-02-16,1487239144.0,9000.0,0.0,0.0,09:59:04,Bid is slot 0,-1.65714285714,0.428571428571,0.263157894737
703,"[127, 126, 125, 124, 123, 10000, 138100, 104500, 300000, 77100, 128, 129, 130, 131, 132, 26000, 187500, 88100, 215500, 38000, 629700, 555100]",2017-02-16,1487239165.0,-5500.0,1.0,0.0,09:59:25,Bid is slot 0,-1.65714285714,0.428571428571,0.263157894737
704,"[127, 126, 125, 124, 123, 10000, 138100, 104500, 300000, 77100, 128, 129, 130, 131, 132, 26000, 187500, 90100, 215500, 38000, 629700, 557100]",2017-02-16,1487239185.0,2000.0,1.0,0.0,09:59:45,Offer Not slot 0,-1.65714285714,0.428571428571,0.263157894737
705,"[127, 126, 125, 124, 123, 10000, 138100, 104500, 300000, 77100, 128, 129, 130, 131, 132, 26000, 187500, 98100, 215500, 38000, 629700, 565100]",2017-02-16,1487239190.0,8000.0,1.0,0.0,09:59:50,Offer Not slot 0,-1.65714285714,0.428571428571,0.263157894737
706,"[127, 126, 125, 124, 123, 10000, 138100, 104500, 300000, 77100, 128, 129, 130, 131, 132, 36000, 187500, 98100, 215500, 38000, 629700, 575100]",2017-02-16,1487239201.0,10000.0,1.0,1.0,10:00:01,Offer is slot 0,0.428571428571,0.263157894737,1.48780487805
707,"[127, 126, 125, 124, 123, 10000, 138100, 104500, 298000, 77100, 128, 129, 130, 131, 132, 36000, 187500, 98100, 215500, 38000, 627700, 575100]",2017-02-16,1487239263.0,-2000.0,1.0,1.0,10:01:03,Bid Not slot 0,0.428571428571,0.263157894737,1.48780487805
708,"[127, 126, 125, 124, 123, 10600, 138100, 104500, 298000, 77100, 128, 129, 130, 131, 132, 36000, 187500, 98100, 215500, 38000, 628300, 575100]",2017-02-16,1487239314.0,600.0,1.0,1.0,10:01:54,Bid is slot 0,0.428571428571,0.263157894737,1.48780487805
709,"[127, 126, 125, 124, 123, 10600, 138100, 104500, 398000, 77100, 128, 129, 130, 131, 132, 36000, 187500, 98100, 215500, 38000, 728300, 575100]",2017-02-16,1487239317.0,100000.0,1.0,1.0,10:01:57,Bid Not slot 0,0.428571428571,0.263157894737,1.48780487805
710,"[127, 126, 125, 124, 123, 10600, 138100, 84500, 398000, 77100, 128, 129, 130, 131, 132, 36000, 187500, 98100, 215500, 38000, 708300, 575100]",2017-02-16,1487239393.0,-20000.0,1.0,1.0,10:03:13,Bid Not slot 0,0.428571428571,0.263157894737,1.48780487805
711,"[127, 126, 125, 124, 123, 10600, 138100, 84500, 400000, 77100, 128, 129, 130, 131, 132, 36000, 187500, 98100, 215500, 38000, 710300, 575100]",2017-02-16,1487239410.0,2000.0,1.0,1.0,10:03:30,Bid Not slot 0,0.428571428571,0.263157894737,1.48780487805
712,"[127, 126, 125, 124, 123, 2600, 138100, 84500, 400000, 77100, 128, 129, 130, 131, 132, 36000, 187500, 98100, 215500, 38000, 702300, 575100]",2017-02-16,1487239414.0,-8000.0,1.0,1.0,10:03:34,Sell,0.428571428571,0.263157894737,1.48780487805
713,"[127, 126, 125, 124, 123, 2600, 138100, 84500, 400000, 77100, 128, 129, 130, 131, 132, 36000, 187500, 90100, 215500, 38000, 702300, 567100]",2017-02-16,1487239414.0,-8000.0,1.0,1.0,10:03:34,Offer Not slot 0,0.428571428571,0.263157894737,1.48780487805
714,"[127, 126, 125, 124, 123, 2600, 138100, 134500, 400000, 77100, 128, 129, 130, 131, 132, 36000, 187500, 90100, 215500, 38000, 752300, 567100]",2017-02-16,1487239446.0,50000.0,1.0,1.0,10:04:06,Bid Not slot 0,0.428571428571,0.263157894737,1.48780487805
715,"[127, 126, 125, 124, 123, 2600, 138100, 134500, 400000, 77100, 128, 129, 130, 131, 132, 36000, 187500, 90100, 215000, 38000, 752300, 566600]",2017-02-16,1487239504.0,-500.0,1.0,1.0,10:05:04,Offer Not slot 0,0.428571428571,0.263157894737,1.48780487805
716,"[127, 126, 125, 124, 123, 2100, 138100, 134500, 400000, 77100, 128, 129, 130, 131, 132, 36000, 187500, 90100, 215000, 38000, 751800, 566600]",2017-02-16,1487239513.0,-500.0,1.0,1.0,10:05:13,Sell,0.428571428571,0.263157894737,1.48780487805
717,"[127, 126, 125, 124, 123, 2100, 138100, 134500, 401000, 77100, 128, 129, 130, 131, 132, 36000, 187500, 90100, 215000, 38000, 752800, 566600]",2017-02-16,1487239547.0,1000.0,1.0,1.0,10:05:47,Bid Not slot 0,0.428571428571,0.263157894737,1.48780487805
718,"[127, 126, 125, 124, 123, 2100, 138100, 134500, 401000, 85100, 128, 129, 130, 131, 132, 36000, 187500, 90100, 215000, 38000, 760800, 566600]",2017-02-16,1487239690.0,8000.0,1.0,1.0,10:08:10,Bid Not slot 0,0.428571428571,0.263157894737,1.48780487805
719,"[126, 125, 124, 123, 122, 138100, 134500, 401000, 85100, 15500, 128, 129, 130, 131, 132, 36000, 187500, 90100, 215000, 38000, 774200, 566600]",2017-02-16,1487239698.0,13400.0,0.0,1.0,09:57:43,Sell,0.428571428571,0.263157894737,1.48780487805
720,"[126, 125, 124, 123, 122, 138100, 134500, 401000, 85100, 15500, 128, 129, 130, 131, 132, 36000, 67500, 90100, 215000, 38000, 774200, 446600]",2017-02-16,1487239698.0,-120000.0,0.0,1.0,10:08:18,Offer Not slot 0,0.428571428571,0.263157894737,1.48780487805
721,"[126, 125, 124, 123, 122, 138100, 134500, 401000, 85100, 15500, 127, 128, 129, 130, 131, 57900, 36000, 67500, 90100, 215000, 774200, 466500]",2017-02-16,1487239698.0,19900.0,0.0,1.0,10:08:18,Offer is slot 0,0.428571428571,0.263157894737,1.48780487805
722,"[126, 125, 124, 123, 122, 138100, 134500, 401000, 85100, 15500, 127, 128, 129, 130, 131, 47900, 36000, 67500, 90100, 215000, 774200, 456500]",2017-02-16,1487239815.0,-10000.0,0.0,1.0,10:10:15,Buy,0.428571428571,0.263157894737,1.48780487805
723,"[126, 125, 124, 123, 122, 129100, 134500, 401000, 85100, 15500, 127, 128, 129, 130, 131, 47900, 36000, 67500, 90100, 215000, 765200, 456500]",2017-02-16,1487239851.0,-9000.0,0.0,1.0,10:10:51,Bid is slot 0,0.428571428571,0.263157894737,1.48780487805
724,"[126, 125, 124, 123, 122, 129100, 134500, 401000, 85100, 24500, 127, 128, 129, 130, 131, 47900, 36000, 67500, 90100, 215000, 774200, 456500]",2017-02-16,1487239851.0,9000.0,0.0,1.0,10:10:51,Bid Not slot 0,0.428571428571,0.263157894737,1.48780487805
725,"[126, 125, 124, 123, 122, 129100, 134500, 401000, 85100, 24500, 127, 128, 129, 130, 131, 47900, 46000, 67500, 90100, 215000, 774200, 466500]",2017-02-16,1487239854.0,10000.0,0.0,1.0,10:10:54,Offer Not slot 0,0.428571428571,0.263157894737,1.48780487805
726,"[126, 125, 124, 123, 122, 132100, 134500, 401000, 85100, 24500, 127, 128, 129, 130, 131, 47900, 46000, 67500, 90100, 215000, 777200, 466500]",2017-02-16,1487239866.0,3000.0,0.0,1.0,10:11:06,Bid is slot 0,0.428571428571,0.263157894737,1.48780487805
727,"[126, 125, 124, 123, 122, 132100, 134500, 401000, 85100, 24500, 127, 128, 129, 130, 131, 47900, 46000, 67500, 90100, 216000, 777200, 467500]",2017-02-16,1487239962.0,1000.0,0.0,1.0,10:12:42,Offer Not slot 0,0.428571428571,0.263157894737,1.48780487805
728,"[126, 125, 124, 123, 122, 32100, 134500, 401000, 85100, 24500, 127, 128, 129, 130, 131, 47900, 46000, 67500, 90100, 216000, 677200, 467500]",2017-02-16,1487240006.0,-100000.0,0.0,1.0,10:13:26,Sell,0.428571428571,0.263157894737,1.48780487805
729,"[126, 125, 124, 123, 122, 35000, 134500, 401000, 85100, 24500, 127, 128, 129, 130, 131, 47900, 46000, 67500, 90100, 216000, 680100, 467500]",2017-02-16,1487240054.0,2900.0,0.0,1.0,10:14:14,Bid is slot 0,0.428571428571,0.263157894737,1.48780487805
730,"[126, 125, 124, 123, 122, 35000, 144500, 401000, 85100, 24500, 127, 128, 129, 130, 131, 47900, 46000, 67500, 90100, 216000, 690100, 467500]",2017-02-16,1487240062.0,10000.0,0.0,1.0,10:14:22,Bid Not slot 0,0.428571428571,0.263157894737,1.48780487805
731,"[126, 125, 124, 123, 122, 25000, 144500, 401000, 85100, 24500, 127, 128, 129, 130, 131, 47900, 46000, 67500, 90100, 216000, 680100, 467500]",2017-02-16,1487240066.0,-10000.0,0.0,1.0,10:14:26,Sell,0.428571428571,0.263157894737,1.48780487805
732,"[126, 125, 124, 123, 122, 25000, 144500, 401000, 85100, 24500, 127, 128, 129, 130, 131, 47900, 43000, 67500, 90100, 216000, 680100, 464500]",2017-02-16,1487240105.0,-3000.0,0.0,1.0,10:15:05,Offer Not slot 0,0.428571428571,0.263157894737,1.48780487805
733,"[126, 125, 124, 123, 122, 25000, 144500, 401000, 85100, 24500, 127, 128, 129, 130, 131, 47900, 40000, 67500, 90100, 216000, 680100, 461500]",2017-02-16,1487240105.0,-3000.0,0.0,1.0,10:15:05,Offer Not slot 0,0.428571428571,0.263157894737,1.48780487805
734,"[126, 125, 124, 123, 122, 25000, 144500, 401000, 85100, 24500, 127, 128, 129, 130, 131, 47900, 36000, 67500, 90100, 216000, 680100, 457500]",2017-02-16,1487240105.0,-4000.0,0.0,1.0,10:15:05,Offer Not slot 0,0.428571428571,0.263157894737,1.48780487805
735,"[126, 125, 124, 123, 122, 22000, 144500, 401000, 85100, 24500, 127, 128, 129, 130, 131, 47900, 36000, 67500, 90100, 216000, 677100, 457500]",2017-02-16,1487240109.0,-3000.0,0.0,1.0,10:15:09,Bid is slot 0,0.428571428571,0.263157894737,1.48780487805
736,"[126, 125, 124, 123, 122, 22000, 144500, 401000, 95100, 24500, 127, 128, 129, 130, 131, 47900, 36000, 67500, 90100, 216000, 687100, 457500]",2017-02-16,1487240112.0,10000.0,0.0,1.0,10:15:12,Bid Not slot 0,0.428571428571,0.263157894737,1.48780487805
737,"[126, 125, 124, 123, 122, 22000, 144500, 401000, 95100, 24500, 127, 128, 129, 130, 131, 57900, 36000, 67500, 90100, 216000, 687100, 467500]",2017-02-16,1487240118.0,10000.0,0.0,1.0,10:15:18,Offer is slot 0,0.428571428571,0.263157894737,1.48780487805
738,"[126, 125, 124, 123, 122, 23000, 144500, 401000, 95100, 24500, 127, 128, 129, 130, 131, 57900, 36000, 67500, 90100, 216000, 688100, 467500]",2017-02-16,1487240127.0,1000.0,0.0,1.0,10:15:27,Bid is slot 0,0.428571428571,0.263157894737,1.48780487805
739,"[126, 125, 124, 123, 122, 33000, 144500, 401000, 95100, 24500, 127, 128, 129, 130, 131, 57900, 36000, 67500, 90100, 216000, 698100, 467500]",2017-02-16,1487240134.0,10000.0,0.0,1.0,10:15:34,Bid is slot 0,0.428571428571,0.263157894737,1.48780487805
740,"[126, 125, 124, 123, 122, 33000, 154500, 401000, 95100, 24500, 127, 128, 129, 130, 131, 57900, 36000, 67500, 90100, 216000, 708100, 467500]",2017-02-16,1487240135.0,10000.0,0.0,1.0,10:15:35,Bid Not slot 0,0.428571428571,0.263157894737,1.48780487805
741,"[126, 125, 124, 123, 122, 63000, 154500, 401000, 95100, 24500, 127, 128, 129, 130, 131, 57900, 36000, 67500, 90100, 216000, 738100, 467500]",2017-02-16,1487240148.0,30000.0,0.0,1.0,10:15:48,Bid is slot 0,0.428571428571,0.263157894737,1.48780487805
742,"[126, 125, 124, 123, 122, 63000, 158500, 401000, 95100, 24500, 127, 128, 129, 130, 131, 57900, 36000, 67500, 90100, 216000, 742100, 467500]",2017-02-16,1487240192.0,4000.0,0.0,1.0,10:16:32,Bid Not slot 0,0.428571428571,0.263157894737,1.48780487805
743,"[126, 125, 124, 123, 122, 3000, 158500, 401000, 95100, 24500, 127, 128, 129, 130, 131, 57900, 36000, 67500, 90100, 216000, 682100, 467500]",2017-02-16,1487240241.0,-60000.0,0.0,1.0,10:17:21,Sell,0.428571428571,0.263157894737,1.48780487805
744,"[126, 125, 124, 123, 122, 13000, 158500, 401000, 95100, 24500, 127, 128, 129, 130, 131, 57900, 36000, 67500, 90100, 216000, 692100, 467500]",2017-02-16,1487240259.0,10000.0,0.0,1.0,10:17:39,Bid is slot 0,0.428571428571,0.263157894737,1.48780487805
745,"[126, 125, 124, 123, 122, 33000, 158500, 401000, 95100, 24500, 127, 128, 129, 130, 131, 57900, 36000, 67500, 90100, 216000, 712100, 467500]",2017-02-16,1487240316.0,20000.0,0.0,1.0,10:18:36,Bid is slot 0,0.428571428571,0.263157894737,1.48780487805
746,"[126, 125, 124, 123, 122, 54800, 158500, 401000, 95100, 24500, 127, 128, 129, 130, 131, 57900, 36000, 67500, 90100, 216000, 733900, 467500]",2017-02-16,1487240319.0,21800.0,0.0,1.0,10:18:39,Sell,0.428571428571,0.263157894737,1.48780487805
747,"[126, 125, 124, 123, 122, 57800, 158500, 401000, 95100, 24500, 127, 128, 129, 130, 131, 57900, 36000, 67500, 90100, 216000, 736900, 467500]",2017-02-16,1487240324.0,3000.0,0.0,1.0,10:18:44,Bid is slot 0,0.428571428571,0.263157894737,1.48780487805
748,"[126, 125, 124, 123, 122, 57800, 168500, 401000, 95100, 24500, 127, 128, 129, 130, 131, 57900, 36000, 67500, 90100, 216000, 746900, 467500]",2017-02-16,1487240326.0,10000.0,0.0,1.0,10:18:46,Bid Not slot 0,0.428571428571,0.263157894737,1.48780487805
749,"[126, 125, 124, 123, 122, 57800, 168500, 401000, 95100, 24500, 127, 128, 129, 130, 131, 57900, 36000, 67500, 92600, 216000, 746900, 470000]",2017-02-16,1487240350.0,2500.0,0.0,1.0,10:19:10,Offer Not slot 0,0.428571428571,0.263157894737,1.48780487805
750,"[126, 125, 124, 123, 122, 67800, 168500, 401000, 95100, 24500, 127, 128, 129, 130, 131, 57900, 36000, 67500, 92600, 216000, 756900, 470000]",2017-02-16,1487240425.0,10000.0,0.0,1.0,10:20:25,Bid is slot 0,0.428571428571,0.263157894737,1.48780487805
751,"[126, 125, 124, 123, 122, 67800, 168500, 401000, 95100, 24500, 127, 128, 129, 130, 131, 65900, 36000, 67500, 92600, 216000, 756900, 478000]",2017-02-16,1487240429.0,8000.0,0.0,1.0,10:20:29,Offer is slot 0,0.428571428571,0.263157894737,1.48780487805
752,"[126, 125, 124, 123, 122, 77800, 168500, 401000, 95100, 24500, 127, 128, 129, 130, 131, 65900, 36000, 67500, 92600, 216000, 766900, 478000]",2017-02-16,1487240538.0,10000.0,0.0,1.0,10:22:18,Bid is slot 0,0.428571428571,0.263157894737,1.48780487805
753,"[126, 125, 124, 123, 122, 77800, 168500, 401000, 95100, 24500, 127, 128, 129, 130, 131, 65900, 36000, 127500, 92600, 216000, 766900, 538000]",2017-02-16,1487240558.0,60000.0,0.0,1.0,10:22:38,Offer Not slot 0,0.428571428571,0.263157894737,1.48780487805
754,"[126, 125, 124, 123, 122, 77800, 178500, 401000, 95100, 24500, 127, 128, 129, 130, 131, 65900, 36000, 127500, 92600, 216000, 776900, 538000]",2017-02-16,1487240678.0,10000.0,0.0,1.0,10:24:38,Bid Not slot 0,0.428571428571,0.263157894737,1.48780487805
755,"[126, 125, 124, 123, 122, 77800, 178500, 399000, 95100, 24500, 127, 128, 129, 130, 131, 65900, 36000, 127500, 92600, 216000, 774900, 538000]",2017-02-16,1487240683.0,-2000.0,0.0,1.0,10:24:43,Bid Not slot 0,0.428571428571,0.263157894737,1.48780487805
756,"[126, 125, 124, 123, 122, 77800, 198500, 399000, 95100, 24500, 127, 128, 129, 130, 131, 65900, 36000, 127500, 92600, 216000, 794900, 538000]",2017-02-16,1487240711.0,20000.0,0.0,1.0,10:25:11,Bid Not slot 0,0.428571428571,0.263157894737,1.48780487805
757,"[126, 125, 124, 123, 122, 77800, 198500, 399100, 95100, 24500, 127, 128, 129, 130, 131, 65900, 36000, 127500, 92600, 216000, 795000, 538000]",2017-02-16,1487240736.0,100.0,0.0,1.0,10:25:36,Bid Not slot 0,0.428571428571,0.263157894737,1.48780487805
758,"[126, 125, 124, 123, 122, 78000, 198500, 399100, 95100, 24500, 127, 128, 129, 130, 131, 65900, 36000, 127500, 92600, 216000, 795200, 538000]",2017-02-16,1487240867.0,200.0,0.0,1.0,10:27:47,Bid is slot 0,0.428571428571,0.263157894737,1.48780487805
759,"[126, 125, 124, 123, 122, 78200, 198500, 399100, 95100, 24500, 127, 128, 129, 130, 131, 65900, 36000, 127500, 92600, 216000, 795400, 538000]",2017-02-16,1487240873.0,200.0,0.0,1.0,10:27:53,Bid is slot 0,0.428571428571,0.263157894737,1.48780487805
760,"[126, 125, 124, 123, 122, 78200, 198500, 399100, 95100, 24500, 128, 129, 130, 131, 132, 36000, 127500, 92600, 216000, 38100, 795400, 510200]",2017-02-16,1487240918.0,-27800.0,0.0,1.0,10:08:52,Buy,0.428571428571,0.263157894737,1.48780487805
761,"[127, 126, 125, 124, 123, 200, 78200, 198500, 399100, 95100, 128, 129, 130, 131, 132, 36000, 127500, 92600, 216000, 38100, 771100, 510200]",2017-02-16,1487240942.0,-24300.0,1.0,1.0,10:29:02,Bid is slot 0,0.428571428571,0.263157894737,1.48780487805
762,"[127, 126, 125, 124, 123, 200, 78200, 198500, 399100, 95100, 128, 129, 130, 131, 132, 6000, 127500, 92600, 216000, 38100, 771100, 480200]",2017-02-16,1487240960.0,-30000.0,1.0,1.0,10:29:20,Buy,0.428571428571,0.263157894737,1.48780487805
763,"[127, 126, 125, 124, 123, 10200, 78200, 198500, 399100, 95100, 128, 129, 130, 131, 132, 6000, 127500, 92600, 216000, 38100, 781100, 480200]",2017-02-16,1487241018.0,10000.0,1.0,2.0,10:30:18,Bid is slot 0,0.263157894737,1.48780487805,2.41176470588
764,"[127, 126, 125, 124, 123, 10200, 78200, 188500, 399100, 95100, 128, 129, 130, 131, 132, 6000, 127500, 92600, 216000, 38100, 771100, 480200]",2017-02-16,1487241091.0,-10000.0,1.0,2.0,10:31:31,Bid Not slot 0,0.263157894737,1.48780487805,2.41176470588
765,"[127, 126, 125, 124, 123, 10200, 78200, 288500, 399100, 95100, 128, 129, 130, 131, 132, 6000, 127500, 92600, 216000, 38100, 871100, 480200]",2017-02-16,1487241101.0,100000.0,1.0,2.0,10:31:41,Bid Not slot 0,0.263157894737,1.48780487805,2.41176470588
766,"[127, 126, 125, 124, 123, 10200, 88200, 288500, 399100, 95100, 128, 129, 130, 131, 132, 6000, 127500, 92600, 216000, 38100, 881100, 480200]",2017-02-16,1487241108.0,10000.0,1.0,2.0,10:31:48,Bid Not slot 0,0.263157894737,1.48780487805,2.41176470588
767,"[127, 126, 125, 124, 123, 10200, 88200, 188500, 399100, 95100, 128, 129, 130, 131, 132, 6000, 127500, 92600, 216000, 38100, 781100, 480200]",2017-02-16,1487241119.0,-100000.0,1.0,2.0,10:31:59,Bid Not slot 0,0.263157894737,1.48780487805,2.41176470588
768,"[127, 126, 125, 124, 123, 10200, 98200, 188500, 399100, 95100, 128, 129, 130, 131, 132, 6000, 127500, 92600, 216000, 38100, 791100, 480200]",2017-02-16,1487241142.0,10000.0,1.0,2.0,10:32:22,Bid Not slot 0,0.263157894737,1.48780487805,2.41176470588
769,"[127, 126, 125, 124, 123, 10200, 98200, 188500, 399100, 95100, 128, 129, 130, 131, 132, 11000, 127500, 92600, 216000, 38100, 791100, 485200]",2017-02-16,1487241164.0,5000.0,1.0,2.0,10:32:44,Offer is slot 0,0.263157894737,1.48780487805,2.41176470588
770,"[127, 126, 125, 124, 123, 10200, 98200, 188500, 369100, 95100, 128, 129, 130, 131, 132, 11000, 127500, 92600, 216000, 38100, 761100, 485200]",2017-02-16,1487241208.0,-30000.0,1.0,2.0,10:33:28,Bid Not slot 0,0.263157894737,1.48780487805,2.41176470588
771,"[127, 126, 125, 124, 123, 10200, 98200, 188500, 369100, 95100, 128, 129, 130, 131, 132, 76900, 127500, 92600, 216000, 38100, 761100, 551100]",2017-02-16,1487241211.0,65900.0,1.0,2.0,10:33:31,Offer is slot 0,0.263157894737,1.48780487805,2.41176470588
772,"[127, 126, 125, 124, 123, 10200, 98200, 188500, 369100, 95100, 128, 129, 130, 131, 132, 66900, 127500, 92600, 216000, 38100, 761100, 541100]",2017-02-16,1487241220.0,-10000.0,1.0,2.0,10:33:40,Buy,0.263157894737,1.48780487805,2.41176470588
773,"[127, 126, 125, 124, 123, 10200, 98200, 188500, 369100, 95100, 128, 129, 130, 131, 132, 1000, 127500, 92600, 216000, 38100, 761100, 475200]",2017-02-16,1487241233.0,-65900.0,1.0,2.0,10:33:53,Offer is slot 0,0.263157894737,1.48780487805,2.41176470588
774,"[127, 126, 125, 124, 123, 10200, 98200, 188500, 369100, 95100, 128, 129, 130, 131, 132, 11000, 127500, 92600, 216000, 38100, 761100, 485200]",2017-02-16,1487241236.0,10000.0,1.0,2.0,10:33:56,Offer is slot 0,0.263157894737,1.48780487805,2.41176470588
775,"[127, 126, 125, 124, 123, 10200, 98200, 188500, 369100, 95100, 129, 130, 131, 132, 133, 127500, 92600, 216000, 38100, 47200, 761100, 521400]",2017-02-16,1487241267.0,36200.0,1.0,2.0,10:02:08,Buy,0.263157894737,1.48780487805,2.41176470588
776,"[127, 126, 125, 124, 123, 10200, 98200, 188500, 369100, 85100, 129, 130, 131, 132, 133, 127500, 92600, 216000, 38100, 47200, 751100, 521400]",2017-02-16,1487241278.0,-10000.0,1.0,2.0,10:34:38,Bid Not slot 0,0.263157894737,1.48780487805,2.41176470588
777,"[127, 126, 125, 124, 123, 42200, 98200, 188500, 369100, 85100, 129, 130, 131, 132, 133, 127500, 92600, 216000, 38100, 47200, 783100, 521400]",2017-02-16,1487241281.0,32000.0,1.0,2.0,10:34:41,Bid is slot 0,0.263157894737,1.48780487805,2.41176470588
778,"[127, 126, 125, 124, 123, 342200, 98200, 188500, 369100, 85100, 129, 130, 131, 132, 133, 127500, 92600, 216000, 38100, 47200, 1083100, 521400]",2017-02-16,1487241379.0,300000.0,1.0,2.0,10:36:19,Bid is slot 0,0.263157894737,1.48780487805,2.41176470588
779,"[127, 126, 125, 124, 123, 142200, 98200, 188500, 369100, 85100, 129, 130, 131, 132, 133, 127500, 92600, 216000, 38100, 47200, 883100, 521400]",2017-02-16,1487241421.0,-200000.0,1.0,2.0,10:37:01,Bid is slot 0,0.263157894737,1.48780487805,2.41176470588
780,"[127, 126, 125, 124, 123, 142200, 98200, 188500, 369100, 85100, 129, 130, 131, 132, 133, 127500, 115200, 216000, 38100, 47200, 883100, 544000]",2017-02-16,1487241440.0,22600.0,1.0,2.0,10:37:20,Offer Not slot 0,0.263157894737,1.48780487805,2.41176470588
781,"[127, 126, 125, 124, 123, 142200, 98200, 188500, 369100, 85100, 129, 130, 131, 132, 133, 127500, 122200, 216000, 38100, 47200, 883100, 551000]",2017-02-16,1487241516.0,7000.0,1.0,2.0,10:38:36,Offer Not slot 0,0.263157894737,1.48780487805,2.41176470588
782,"[127, 126, 125, 124, 123, 142200, 98200, 188500, 369100, 85100, 128, 129, 130, 131, 132, 40000, 127500, 122200, 216000, 38100, 883100, 543800]",2017-02-16,1487241637.0,-7200.0,1.0,2.0,10:40:37,Offer is slot 0,0.263157894737,1.48780487805,2.41176470588
783,"[127, 126, 125, 124, 123, 142200, 98200, 188500, 369100, 85100, 129, 130, 131, 132, 133, 127500, 122200, 216000, 38100, 47200, 883100, 551000]",2017-02-16,1487241649.0,7200.0,1.0,2.0,10:02:08,Buy,0.263157894737,1.48780487805,2.41176470588
784,"[128, 127, 126, 125, 124, 3000, 142200, 98200, 188500, 369100, 129, 130, 131, 132, 133, 127500, 122200, 216000, 38100, 47200, 801000, 551000]",2017-02-16,1487241657.0,-82100.0,2.0,2.0,10:40:57,Bid is slot 0,0.263157894737,1.48780487805,2.41176470588
785,"[128, 127, 126, 125, 124, 6000, 142200, 98200, 188500, 369100, 129, 130, 131, 132, 133, 127500, 122200, 216000, 38100, 47200, 804000, 551000]",2017-02-16,1487241684.0,3000.0,2.0,2.0,10:41:24,Bid is slot 0,0.263157894737,1.48780487805,2.41176470588
786,"[128, 127, 126, 125, 124, 206000, 142200, 98200, 188500, 369100, 129, 130, 131, 132, 133, 127500, 122200, 216000, 38100, 47200, 1004000, 551000]",2017-02-16,1487241691.0,200000.0,2.0,2.0,10:41:31,Bid is slot 0,0.263157894737,1.48780487805,2.41176470588
787,"[128, 127, 126, 125, 124, 226000, 142200, 98200, 188500, 369100, 129, 130, 131, 132, 133, 127500, 122200, 216000, 38100, 47200, 1024000, 551000]",2017-02-16,1487241705.0,20000.0,2.0,2.0,10:41:45,Bid is slot 0,0.263157894737,1.48780487805,2.41176470588
788,"[128, 127, 126, 125, 124, 226000, 142200, 98200, 188500, 369100, 129, 130, 131, 132, 133, 127500, 132200, 216000, 38100, 47200, 1024000, 561000]",2017-02-16,1487241758.0,10000.0,2.0,2.0,10:42:38,Offer Not slot 0,0.263157894737,1.48780487805,2.41176470588
789,"[128, 127, 126, 125, 124, 218000, 142200, 98200, 188500, 369100, 129, 130, 131, 132, 133, 127500, 132200, 216000, 38100, 47200, 1016000, 561000]",2017-02-16,1487241763.0,-8000.0,2.0,2.0,10:42:43,Sell,0.263157894737,1.48780487805,2.41176470588
790,"[128, 127, 126, 125, 124, 218000, 142200, 98200, 188500, 369100, 129, 130, 131, 132, 133, 127500, 132200, 221000, 38100, 47200, 1016000, 566000]",2017-02-16,1487241771.0,5000.0,2.0,2.0,10:42:51,Offer Not slot 0,0.263157894737,1.48780487805,2.41176470588
791,"[128, 127, 126, 125, 124, 218000, 142200, 98200, 188500, 369100, 129, 130, 131, 132, 133, 127700, 132200, 221000, 38100, 47200, 1016000, 566200]",2017-02-16,1487241839.0,200.0,2.0,2.0,10:43:59,Offer is slot 0,0.263157894737,1.48780487805,2.41176470588
792,"[128, 127, 126, 125, 124, 218000, 142200, 98200, 188500, 369100, 129, 130, 131, 132, 133, 127700, 132300, 221000, 38100, 47200, 1016000, 566300]",2017-02-16,1487241848.0,100.0,2.0,2.0,10:44:08,Offer Not slot 0,0.263157894737,1.48780487805,2.41176470588
793,"[128, 127, 126, 125, 124, 218000, 142200, 98200, 188500, 369100, 129, 130, 131, 132, 133, 127700, 132300, 221300, 38100, 47200, 1016000, 566600]",2017-02-16,1487241852.0,300.0,2.0,2.0,10:44:12,Offer Not slot 0,0.263157894737,1.48780487805,2.41176470588
794,"[128, 127, 126, 125, 124, 218000, 110200, 98200, 188500, 369100, 129, 130, 131, 132, 133, 127700, 132300, 221300, 38100, 47200, 984000, 566600]",2017-02-16,1487242072.0,-32000.0,2.0,2.0,10:47:52,Bid Not slot 0,0.263157894737,1.48780487805,2.41176470588
795,"[128, 127, 126, 125, 124, 188000, 110200, 98200, 188500, 369100, 129, 130, 131, 132, 133, 127700, 132300, 221300, 38100, 47200, 954000, 566600]",2017-02-16,1487242128.0,-30000.0,2.0,2.0,10:48:48,Sell,0.263157894737,1.48780487805,2.41176470588
796,"[128, 127, 126, 125, 124, 188000, 110200, 98200, 188500, 369100, 129, 130, 131, 132, 133, 127700, 132300, 221300, 38100, 57200, 954000, 576600]",2017-02-16,1487242152.0,10000.0,2.0,2.0,10:49:12,Offer Not slot 0,0.263157894737,1.48780487805,2.41176470588
797,"[128, 127, 126, 125, 124, 220000, 110200, 98200, 188500, 369100, 129, 130, 131, 132, 133, 127700, 132300, 221300, 38100, 57200, 986000, 576600]",2017-02-16,1487242193.0,32000.0,2.0,2.0,10:49:53,Bid is slot 0,0.263157894737,1.48780487805,2.41176470588
798,"[128, 127, 126, 125, 124, 220000, 110200, 88200, 188500, 369100, 129, 130, 131, 132, 133, 127700, 132300, 221300, 38100, 57200, 976000, 576600]",2017-02-16,1487242211.0,-10000.0,2.0,2.0,10:50:11,Bid Not slot 0,0.263157894737,1.48780487805,2.41176470588
799,"[128, 127, 126, 125, 124, 220000, 110200, 88200, 188500, 379100, 129, 130, 131, 132, 133, 127700, 132300, 221300, 38100, 57200, 986000, 576600]",2017-02-16,1487242229.0,10000.0,2.0,2.0,10:50:29,Bid Not slot 0,0.263157894737,1.48780487805,2.41176470588
800,"[128, 127, 126, 125, 124, 220000, 110200, 98200, 188500, 379100, 129, 130, 131, 132, 133, 127700, 132300, 221300, 38100, 57200, 996000, 576600]",2017-02-16,1487242612.0,10000.0,2.0,2.0,10:56:52,Bid Not slot 0,0.263157894737,1.48780487805,2.41176470588
801,"[128, 127, 126, 125, 124, 220000, 119200, 98200, 188500, 379100, 129, 130, 131, 132, 133, 127700, 132300, 221300, 38100, 57200, 1005000, 576600]",2017-02-16,1487242658.0,9000.0,2.0,2.0,10:57:38,Bid Not slot 0,0.263157894737,1.48780487805,2.41176470588
802,"[128, 127, 126, 125, 124, 190000, 119200, 98200, 188500, 379100, 129, 130, 131, 132, 133, 127700, 132300, 221300, 38100, 57200, 975000, 576600]",2017-02-16,1487242697.0,-30000.0,2.0,2.0,10:58:17,Sell,0.263157894737,1.48780487805,2.41176470588
803,"[128, 127, 126, 125, 124, 187500, 119200, 98200, 188500, 379100, 129, 130, 131, 132, 133, 127700, 132300, 221300, 38100, 57200, 972500, 576600]",2017-02-16,1487242744.0,-2500.0,2.0,2.0,10:59:04,Sell,0.263157894737,1.48780487805,2.41176470588
804,"[128, 127, 126, 125, 124, 147500, 119200, 98200, 188500, 379100, 129, 130, 131, 132, 133, 127700, 132300, 221300, 38100, 57200, 932500, 576600]",2017-02-16,1487243043.0,-40000.0,2.0,3.0,11:04:03,Sell,1.48780487805,2.41176470588,3.26315789474
805,"[128, 127, 126, 125, 124, 147500, 119200, 98200, 188500, 379100, 129, 130, 131, 132, 133, 127800, 132300, 221300, 38100, 57200, 932500, 576700]",2017-02-16,1487243142.0,100.0,2.0,3.0,11:05:42,Offer is slot 0,1.48780487805,2.41176470588,3.26315789474
806,"[128, 127, 126, 125, 124, 147500, 119200, 98200, 188500, 379100, 129, 130, 131, 132, 133, 127800, 149200, 221300, 38100, 57200, 932500, 593600]",2017-02-16,1487243346.0,16900.0,2.0,3.0,11:09:06,Offer Not slot 0,1.48780487805,2.41176470588,3.26315789474
807,"[128, 127, 126, 125, 124, 147500, 119200, 98200, 188500, 379100, 129, 130, 131, 132, 133, 127800, 169200, 221300, 38100, 57200, 932500, 613600]",2017-02-16,1487243362.0,20000.0,2.0,3.0,11:09:22,Offer Not slot 0,1.48780487805,2.41176470588,3.26315789474
808,"[128, 127, 126, 125, 124, 147500, 119200, 98200, 188500, 379100, 129, 130, 131, 132, 133, 127800, 199200, 221300, 38100, 57200, 932500, 643600]",2017-02-16,1487243375.0,30000.0,2.0,3.0,11:09:35,Offer Not slot 0,1.48780487805,2.41176470588,3.26315789474
809,"[128, 127, 126, 125, 124, 147500, 119200, 98200, 188500, 379100, 130, 131, 132, 133, 134, 199200, 221300, 38100, 57200, 114200, 932500, 630000]",2017-02-16,1487243455.0,-13600.0,2.0,3.0,10:24:20,Buy,1.48780487805,2.41176470588,3.26315789474
810,"[128, 127, 126, 125, 124, 147500, 119200, 98200, 188500, 379100, 129, 130, 131, 132, 133, 25000, 199200, 221300, 38100, 57200, 932500, 540800]",2017-02-16,1487243474.0,-89200.0,2.0,3.0,11:11:14,Offer is slot 0,1.48780487805,2.41176470588,3.26315789474
811,"[128, 127, 126, 125, 124, 147500, 119200, 98200, 188500, 379100, 130, 131, 132, 133, 134, 199200, 221300, 38100, 57200, 114200, 932500, 630000]",2017-02-16,1487243483.0,89200.0,2.0,3.0,10:24:20,Buy,1.48780487805,2.41176470588,3.26315789474
812,"[128, 127, 126, 125, 124, 147500, 119200, 98200, 188500, 429100, 130, 131, 132, 133, 134, 199200, 221300, 38100, 57200, 114200, 982500, 630000]",2017-02-16,1487243485.0,50000.0,2.0,3.0,11:11:25,Bid Not slot 0,1.48780487805,2.41176470588,3.26315789474
813,"[129, 128, 127, 126, 125, 5000, 147500, 119200, 98200, 188500, 130, 131, 132, 133, 134, 199200, 221300, 38100, 57200, 114200, 558400, 630000]",2017-02-16,1487243485.0,-424100.0,3.0,3.0,11:11:25,Bid is slot 0,1.48780487805,2.41176470588,3.26315789474
814,"[128, 127, 126, 125, 124, 147500, 119200, 98200, 188500, 429100, 130, 131, 132, 133, 134, 199200, 221300, 38100, 57200, 114200, 982500, 630000]",2017-02-16,1487243504.0,424100.0,2.0,3.0,11:11:25,Sell,1.48780487805,2.41176470588,3.26315789474
815,"[128, 127, 126, 125, 124, 147500, 119200, 98200, 188500, 429100, 129, 130, 131, 132, 133, 10000, 199200, 221300, 38100, 57200, 982500, 525800]",2017-02-16,1487243504.0,-104200.0,2.0,3.0,11:11:44,Offer is slot 0,1.48780487805,2.41176470588,3.26315789474
816,"[128, 127, 126, 125, 124, 147500, 119200, 98200, 188500, 429100, 130, 131, 132, 133, 134, 199200, 221300, 38100, 57200, 114200, 982500, 630000]",2017-02-16,1487243510.0,104200.0,2.0,3.0,10:24:20,Buy,1.48780487805,2.41176470588,3.26315789474
817,"[128, 127, 126, 125, 124, 147500, 119200, 98200, 188500, 429100, 130, 131, 132, 133, 134, 199200, 241300, 38100, 57200, 114200, 982500, 650000]",2017-02-16,1487243533.0,20000.0,2.0,3.0,11:12:13,Offer Not slot 0,1.48780487805,2.41176470588,3.26315789474
818,"[128, 127, 126, 125, 124, 147500, 119200, 98200, 188500, 429100, 130, 131, 132, 133, 134, 199200, 241300, 38100, 57200, 114300, 982500, 650100]",2017-02-16,1487243550.0,100.0,2.0,3.0,11:12:30,Offer Not slot 0,1.48780487805,2.41176470588,3.26315789474
819,"[128, 127, 126, 125, 124, 147500, 119200, 98200, 188500, 429100, 130, 131, 132, 133, 134, 199200, 241300, 38100, 57200, 119300, 982500, 655100]",2017-02-16,1487243566.0,5000.0,2.0,3.0,11:12:46,Offer Not slot 0,1.48780487805,2.41176470588,3.26315789474
820,"[128, 127, 126, 125, 124, 347500, 119200, 98200, 188500, 429100, 130, 131, 132, 133, 134, 199200, 241300, 38100, 57200, 119300, 1182500, 655100]",2017-02-16,1487243659.0,200000.0,2.0,3.0,11:14:19,Bid is slot 0,1.48780487805,2.41176470588,3.26315789474
821,"[128, 127, 126, 125, 124, 347500, 119200, 98200, 188500, 429100, 129, 130, 131, 132, 133, 30000, 199200, 241300, 38100, 57200, 1182500, 565800]",2017-02-16,1487243798.0,-89300.0,2.0,3.0,11:16:38,Offer is slot 0,1.48780487805,2.41176470588,3.26315789474
822,"[128, 127, 126, 125, 124, 347500, 119200, 98200, 188500, 429100, 130, 131, 132, 133, 134, 199200, 241300, 38100, 57200, 119300, 1182500, 655100]",2017-02-16,1487243925.0,89300.0,2.0,3.0,11:12:46,Buy,1.48780487805,2.41176470588,3.26315789474
823,"[128, 127, 126, 125, 124, 347500, 119200, 98200, 188500, 429100, 129, 130, 131, 132, 133, 10000, 199200, 241300, 38100, 57200, 1182500, 545800]",2017-02-16,1487243967.0,-109300.0,2.0,3.0,11:19:27,Offer is slot 0,1.48780487805,2.41176470588,3.26315789474
824,"[128, 127, 126, 125, 124, 347500, 119200, 98200, 188500, 429100, 130, 131, 132, 133, 134, 199200, 241300, 38100, 57200, 119300, 1182500, 655100]",2017-02-16,1487243983.0,109300.0,2.0,3.0,11:12:46,Buy,1.48780487805,2.41176470588,3.26315789474
825,"[128, 127, 126, 125, 124, 347500, 119200, 98200, 188500, 429100, 130, 131, 132, 133, 134, 209200, 241300, 38100, 57200, 119300, 1182500, 665100]",2017-02-16,1487244064.0,10000.0,2.0,3.0,11:21:04,Offer is slot 0,1.48780487805,2.41176470588,3.26315789474
826,"[128, 127, 126, 125, 124, 347500, 119200, 98200, 188500, 429100, 129, 130, 131, 132, 133, 50000, 209200, 241300, 38100, 57200, 1182500, 595800]",2017-02-16,1487244120.0,-69300.0,2.0,3.0,11:22:00,Offer is slot 0,1.48780487805,2.41176470588,3.26315789474
827,"[128, 127, 126, 125, 124, 357500, 119200, 98200, 188500, 429100, 129, 130, 131, 132, 133, 50000, 209200, 241300, 38100, 57200, 1192500, 595800]",2017-02-16,1487244137.0,10000.0,2.0,3.0,11:22:17,Bid is slot 0,1.48780487805,2.41176470588,3.26315789474
828,"[128, 127, 126, 125, 124, 357500, 119200, 98200, 188500, 429100, 130, 131, 132, 133, 134, 209200, 241300, 38100, 57200, 119300, 1192500, 665100]",2017-02-16,1487244138.0,69300.0,2.0,3.0,11:12:46,Buy,1.48780487805,2.41176470588,3.26315789474
829,"[128, 127, 126, 125, 124, 357500, 119200, 98200, 188500, 429100, 130, 131, 132, 133, 134, 196600, 241300, 38100, 57200, 119300, 1192500, 652500]",2017-02-16,1487244234.0,-12600.0,2.0,3.0,11:23:54,Offer is slot 0,1.48780487805,2.41176470588,3.26315789474
830,"[128, 127, 126, 125, 124, 357500, 119200, 98200, 188500, 429100, 129, 130, 131, 132, 133, 12500, 196600, 241300, 38100, 57200, 1192500, 545700]",2017-02-16,1487244257.0,-106800.0,2.0,3.0,11:24:17,Offer is slot 0,1.48780487805,2.41176470588,3.26315789474
831,"[128, 127, 126, 125, 124, 357500, 119200, 98200, 188500, 429100, 130, 131, 132, 133, 134, 196600, 241300, 38100, 57200, 119300, 1192500, 652500]",2017-02-16,1487244265.0,106800.0,2.0,3.0,11:12:46,Buy,1.48780487805,2.41176470588,3.26315789474
832,"[129, 128, 127, 126, 125, 10000, 357500, 119200, 98200, 188500, 130, 131, 132, 133, 134, 196600, 241300, 38100, 57200, 119300, 773400, 652500]",2017-02-16,1487244280.0,-419100.0,3.0,3.0,11:24:40,Bid is slot 0,1.48780487805,2.41176470588,3.26315789474
833,"[129, 128, 127, 126, 125, 9900, 357500, 119200, 98200, 188500, 130, 131, 132, 133, 134, 196600, 241300, 38100, 57200, 119300, 773300, 652500]",2017-02-16,1487244280.0,-100.0,3.0,3.0,11:24:40,Sell,1.48780487805,2.41176470588,3.26315789474
834,"[129, 128, 127, 126, 125, 9900, 357500, 119200, 88200, 188500, 130, 131, 132, 133, 134, 196600, 241300, 38100, 57200, 119300, 763300, 652500]",2017-02-16,1487244305.0,-10000.0,3.0,3.0,11:25:05,Bid Not slot 0,1.48780487805,2.41176470588,3.26315789474
835,"[129, 128, 127, 126, 125, 9900, 367500, 119200, 88200, 188500, 130, 131, 132, 133, 134, 196600, 241300, 38100, 57200, 119300, 773300, 652500]",2017-02-16,1487244320.0,10000.0,3.0,3.0,11:25:20,Bid Not slot 0,1.48780487805,2.41176470588,3.26315789474
836,"[128, 127, 126, 125, 124, 367500, 119200, 88200, 188500, 429100, 130, 131, 132, 133, 134, 196600, 241300, 38100, 57200, 119300, 1192500, 652500]",2017-02-16,1487244347.0,419200.0,2.0,3.0,11:11:25,Sell,1.48780487805,2.41176470588,3.26315789474
837,"[128, 127, 126, 125, 124, 367500, 119200, 88200, 188500, 429100, 129, 130, 131, 132, 133, 50100, 196600, 241300, 38100, 57200, 1192500, 583300]",2017-02-16,1487244347.0,-69200.0,2.0,3.0,11:25:47,Offer is slot 0,1.48780487805,2.41176470588,3.26315789474
838,"[128, 127, 126, 125, 124, 367500, 119200, 88200, 188500, 429100, 129, 130, 131, 132, 133, 40100, 196600, 241300, 38100, 57200, 1192500, 573300]",2017-02-16,1487244353.0,-10000.0,2.0,3.0,11:25:53,Buy,1.48780487805,2.41176470588,3.26315789474
839,"[129, 128, 127, 126, 125, 10000, 367500, 119200, 88200, 188500, 129, 130, 131, 132, 133, 40100, 196600, 241300, 38100, 57200, 773400, 573300]",2017-02-16,1487244354.0,-419100.0,3.0,3.0,11:25:54,Buy,1.48780487805,2.41176470588,3.26315789474
840,"[129, 128, 127, 126, 125, 10000, 367500, 119200, 88200, 188500, 130, 131, 132, 133, 134, 196600, 241300, 38100, 57200, 119300, 773400, 652500]",2017-02-16,1487244354.0,79200.0,3.0,3.0,11:12:46,Offer is slot 0,1.48780487805,2.41176470588,3.26315789474
841,"[129, 128, 127, 126, 125, 20000, 367500, 119200, 88200, 188500, 130, 131, 132, 133, 134, 196600, 241300, 38100, 57200, 119300, 783400, 652500]",2017-02-16,1487244400.0,10000.0,3.0,3.0,11:26:40,Bid is slot 0,1.48780487805,2.41176470588,3.26315789474
842,"[129, 128, 127, 126, 125, 120000, 367500, 119200, 88200, 188500, 130, 131, 132, 133, 134, 196600, 241300, 38100, 57200, 119300, 883400, 652500]",2017-02-16,1487244425.0,100000.0,3.0,3.0,11:27:05,Bid is slot 0,1.48780487805,2.41176470588,3.26315789474
843,"[129, 128, 127, 126, 125, 120000, 367500, 119200, 88200, 188500, 130, 131, 132, 133, 134, 190000, 241300, 38100, 57200, 119300, 883400, 645900]",2017-02-16,1487244502.0,-6600.0,3.0,3.0,11:28:22,Buy,1.48780487805,2.41176470588,3.26315789474
844,"[129, 128, 127, 126, 125, 120000, 367500, 119200, 88200, 188500, 130, 131, 132, 133, 134, 188000, 241300, 38100, 57200, 119300, 883400, 643900]",2017-02-16,1487244519.0,-2000.0,3.0,3.0,11:28:39,Offer is slot 0,1.48780487805,2.41176470588,3.26315789474
845,"[129, 128, 127, 126, 125, 120000, 367500, 119200, 88200, 188500, 130, 131, 132, 133, 134, 188000, 241300, 48100, 57200, 119300, 883400, 653900]",2017-02-16,1487244520.0,10000.0,3.0,3.0,11:28:40,Offer Not slot 0,1.48780487805,2.41176470588,3.26315789474
846,"[129, 128, 127, 126, 125, 120000, 367500, 119200, 98200, 188500, 130, 131, 132, 133, 134, 188000, 241300, 48100, 57200, 119300, 893400, 653900]",2017-02-16,1487244520.0,10000.0,3.0,3.0,11:28:40,Bid Not slot 0,1.48780487805,2.41176470588,3.26315789474
847,"[129, 128, 127, 126, 125, 120000, 367500, 119200, 98200, 188500, 130, 131, 132, 133, 134, 188000, 241300, 48100, 57200, 129300, 893400, 663900]",2017-02-16,1487244523.0,10000.0,3.0,3.0,11:28:43,Offer Not slot 0,1.48780487805,2.41176470588,3.26315789474
848,"[129, 128, 127, 126, 125, 120000, 367500, 119200, 98200, 188500, 130, 131, 132, 133, 134, 168000, 241300, 48100, 57200, 129300, 893400, 643900]",2017-02-16,1487244539.0,-20000.0,3.0,3.0,11:28:59,Buy,1.48780487805,2.41176470588,3.26315789474
849,"[129, 128, 127, 126, 125, 140000, 367500, 119200, 98200, 188500, 130, 131, 132, 133, 134, 168000, 241300, 48100, 57200, 129300, 913400, 643900]",2017-02-16,1487244542.0,20000.0,3.0,3.0,11:29:02,Bid is slot 0,1.48780487805,2.41176470588,3.26315789474
850,"[129, 128, 127, 126, 125, 140000, 387500, 119200, 98200, 188500, 130, 131, 132, 133, 134, 168000, 241300, 48100, 57200, 129300, 933400, 643900]",2017-02-16,1487244544.0,20000.0,3.0,3.0,11:29:04,Bid Not slot 0,1.48780487805,2.41176470588,3.26315789474
851,"[129, 128, 127, 126, 125, 140000, 387500, 119200, 98200, 188500, 130, 131, 132, 133, 134, 178000, 241300, 48100, 57200, 129300, 933400, 653900]",2017-02-16,1487244548.0,10000.0,3.0,3.0,11:29:08,Offer is slot 0,1.48780487805,2.41176470588,3.26315789474
852,"[129, 128, 127, 126, 125, 140000, 387500, 119200, 98200, 188500, 130, 131, 132, 133, 134, 178000, 241300, 50100, 57200, 129300, 933400, 655900]",2017-02-16,1487244572.0,2000.0,3.0,3.0,11:29:32,Offer Not slot 0,1.48780487805,2.41176470588,3.26315789474
853,"[129, 128, 127, 126, 125, 140000, 387500, 119200, 98200, 188500, 130, 131, 132, 133, 134, 178000, 244300, 50100, 57200, 129300, 933400, 658900]",2017-02-16,1487244577.0,3000.0,3.0,3.0,11:29:37,Offer Not slot 0,1.48780487805,2.41176470588,3.26315789474
854,"[129, 128, 127, 126, 125, 140000, 387500, 119200, 98200, 188500, 130, 131, 132, 133, 134, 178000, 244300, 150100, 57200, 129300, 933400, 758900]",2017-02-16,1487244593.0,100000.0,3.0,3.0,11:29:53,Offer Not slot 0,1.48780487805,2.41176470588,3.26315789474
855,"[129, 128, 127, 126, 125, 140000, 387500, 119200, 98200, 188500, 130, 131, 132, 133, 134, 178000, 244300, 153100, 57200, 129300, 933400, 761900]",2017-02-16,1487244602.0,3000.0,3.0,4.0,11:30:02,Offer Not slot 0,2.41176470588,3.26315789474,3.0
856,"[129, 128, 127, 126, 125, 140000, 387500, 119200, 98200, 188500, 130, 131, 132, 133, 134, 178000, 244300, 153100, 61200, 129300, 933400, 765900]",2017-02-16,1487244624.0,4000.0,3.0,4.0,11:30:24,Offer Not slot 0,2.41176470588,3.26315789474,3.0
857,"[129, 128, 127, 126, 125, 140000, 387500, 119200, 98200, 188500, 130, 131, 132, 133, 134, 170000, 244300, 153100, 61200, 129300, 933400, 757900]",2017-02-16,1487244630.0,-8000.0,3.0,4.0,11:30:30,Buy,2.41176470588,3.26315789474,3.0
858,"[129, 128, 127, 126, 125, 140000, 387500, 119200, 98200, 188500, 130, 131, 132, 133, 134, 170000, 244300, 153100, 71200, 129300, 933400, 767900]",2017-02-16,1487244642.0,10000.0,3.0,4.0,11:30:42,Offer Not slot 0,2.41176470588,3.26315789474,3.0
859,"[129, 128, 127, 126, 125, 440000, 387500, 119200, 98200, 188500, 130, 131, 132, 133, 134, 170000, 244300, 153100, 71200, 129300, 1233400, 767900]",2017-02-16,1487244643.0,300000.0,3.0,4.0,11:30:43,Bid is slot 0,2.41176470588,3.26315789474,3.0
860,"[129, 128, 127, 126, 125, 440000, 387500, 119200, 98200, 188500, 130, 131, 132, 133, 134, 170000, 244300, 153100, 71200, 132300, 1233400, 770900]",2017-02-16,1487244649.0,3000.0,3.0,4.0,11:30:49,Offer Not slot 0,2.41176470588,3.26315789474,3.0
861,"[129, 128, 127, 126, 125, 140000, 387500, 119200, 98200, 188500, 130, 131, 132, 133, 134, 170000, 244300, 153100, 71200, 132300, 933400, 770900]",2017-02-16,1487244652.0,-300000.0,3.0,4.0,11:30:52,Bid is slot 0,2.41176470588,3.26315789474,3.0
862,"[129, 128, 127, 126, 125, 140000, 387500, 119200, 98200, 188500, 130, 131, 132, 133, 134, 178900, 244300, 153100, 71200, 132300, 933400, 779800]",2017-02-16,1487244660.0,8900.0,3.0,4.0,11:31:00,Offer is slot 0,2.41176470588,3.26315789474,3.0
863,"[129, 128, 127, 126, 125, 140000, 367500, 119200, 98200, 188500, 130, 131, 132, 133, 134, 178900, 244300, 153100, 71200, 132300, 913400, 779800]",2017-02-16,1487244692.0,-20000.0,3.0,4.0,11:31:32,Bid Not slot 0,2.41176470588,3.26315789474,3.0
864,"[129, 128, 127, 126, 125, 140000, 367500, 119200, 98200, 168500, 130, 131, 132, 133, 134, 178900, 244300, 153100, 71200, 132300, 893400, 779800]",2017-02-16,1487244702.0,-20000.0,3.0,4.0,11:31:42,Bid Not slot 0,2.41176470588,3.26315789474,3.0
865,"[129, 128, 127, 126, 125, 140000, 367500, 119200, 108200, 168500, 130, 131, 132, 133, 134, 178900, 244300, 153100, 71200, 132300, 903400, 779800]",2017-02-16,1487244767.0,10000.0,3.0,4.0,11:32:47,Bid Not slot 0,2.41176470588,3.26315789474,3.0
866,"[129, 128, 127, 126, 125, 140000, 367500, 119200, 108200, 168500, 130, 131, 132, 133, 134, 178900, 244300, 153100, 96200, 132300, 903400, 804800]",2017-02-16,1487244794.0,25000.0,3.0,4.0,11:33:14,Offer Not slot 0,2.41176470588,3.26315789474,3.0
867,"[129, 128, 127, 126, 125, 140000, 367500, 119200, 108200, 168500, 130, 131, 132, 133, 134, 188900, 244300, 153100, 96200, 132300, 903400, 814800]",2017-02-16,1487244892.0,10000.0,3.0,4.0,11:34:52,Offer is slot 0,2.41176470588,3.26315789474,3.0
868,"[129, 128, 127, 126, 125, 140000, 367500, 119200, 109200, 168500, 130, 131, 132, 133, 134, 188900, 244300, 153100, 96200, 132300, 904400, 814800]",2017-02-16,1487244914.0,1000.0,3.0,4.0,11:35:14,Bid Not slot 0,2.41176470588,3.26315789474,3.0
869,"[129, 128, 127, 126, 125, 140000, 367500, 119200, 108200, 168500, 130, 131, 132, 133, 134, 188900, 244300, 153100, 96200, 132300, 903400, 814800]",2017-02-16,1487244994.0,-1000.0,3.0,4.0,11:36:34,Bid Not slot 0,2.41176470588,3.26315789474,3.0
870,"[129, 128, 127, 126, 125, 140000, 367500, 119200, 108200, 168500, 130, 131, 132, 133, 134, 188900, 244300, 153100, 96200, 142300, 903400, 824800]",2017-02-16,1487245102.0,10000.0,3.0,4.0,11:38:22,Offer Not slot 0,2.41176470588,3.26315789474,3.0
871,"[129, 128, 127, 126, 125, 140000, 367500, 119200, 98200, 168500, 130, 131, 132, 133, 134, 188900, 244300, 153100, 96200, 142300, 893400, 824800]",2017-02-16,1487245109.0,-10000.0,3.0,4.0,11:38:29,Bid Not slot 0,2.41176470588,3.26315789474,3.0
872,"[129, 128, 127, 126, 125, 140000, 367500, 119200, 98200, 168500, 130, 131, 132, 133, 134, 189000, 244300, 153100, 96200, 142300, 893400, 824900]",2017-02-16,1487245161.0,100.0,3.0,4.0,11:39:21,Offer is slot 0,2.41176470588,3.26315789474,3.0
873,"[129, 128, 127, 126, 125, 140000, 367500, 119200, 98200, 168500, 130, 131, 132, 133, 134, 139000, 244300, 153100, 96200, 142300, 893400, 774900]",2017-02-16,1487245291.0,-50000.0,3.0,4.0,11:41:31,Buy,2.41176470588,3.26315789474,3.0
874,"[129, 128, 127, 126, 125, 140000, 367500, 119200, 98200, 168500, 130, 131, 132, 133, 134, 139200, 244300, 153100, 96200, 142300, 893400, 775100]",2017-02-16,1487245329.0,200.0,3.0,4.0,11:42:09,Offer is slot 0,2.41176470588,3.26315789474,3.0
875,"[129, 128, 127, 126, 125, 140000, 367500, 119200, 98200, 168500, 130, 131, 132, 133, 134, 139200, 244300, 153300, 96200, 142300, 893400, 775300]",2017-02-16,1487245336.0,200.0,3.0,4.0,11:42:16,Offer Not slot 0,2.41176470588,3.26315789474,3.0
876,"[129, 128, 127, 126, 125, 140000, 367500, 119200, 98200, 168500, 130, 131, 132, 133, 134, 139200, 244300, 153300, 96200, 152300, 893400, 785300]",2017-02-16,1487245443.0,10000.0,3.0,4.0,11:44:03,Offer Not slot 0,2.41176470588,3.26315789474,3.0
877,"[129, 128, 127, 126, 125, 140000, 367500, 119200, 98200, 168500, 130, 131, 132, 133, 134, 139200, 244300, 153300, 96200, 162300, 893400, 795300]",2017-02-16,1487245448.0,10000.0,3.0,4.0,11:44:08,Offer Not slot 0,2.41176470588,3.26315789474,3.0
878,"[129, 128, 127, 126, 125, 140000, 367500, 119200, 98200, 168500, 130, 131, 132, 133, 134, 113700, 244300, 153300, 96200, 162300, 893400, 769800]",2017-02-16,1487245552.0,-25500.0,3.0,4.0,11:45:52,Buy,2.41176470588,3.26315789474,3.0
879,"[129, 128, 127, 126, 125, 140000, 367500, 119200, 98200, 168500, 130, 131, 132, 133, 134, 113700, 244300, 154300, 96200, 162300, 893400, 770800]",2017-02-16,1487245589.0,1000.0,3.0,4.0,11:46:29,Offer Not slot 0,2.41176470588,3.26315789474,3.0
880,"[129, 128, 127, 126, 125, 140000, 367500, 119200, 98200, 168500, 130, 131, 132, 133, 134, 123700, 244300, 154300, 96200, 162300, 893400, 780800]",2017-02-16,1487245705.0,10000.0,3.0,4.0,11:48:25,Offer is slot 0,2.41176470588,3.26315789474,3.0
881,"[129, 128, 127, 126, 125, 170000, 367500, 119200, 98200, 168500, 130, 131, 132, 133, 134, 123700, 244300, 154300, 96200, 162300, 923400, 780800]",2017-02-16,1487245785.0,30000.0,3.0,4.0,11:49:45,Bid is slot 0,2.41176470588,3.26315789474,3.0
882,"[129, 128, 127, 126, 125, 170000, 367500, 119200, 98200, 168500, 130, 131, 132, 133, 134, 123700, 244300, 154300, 101900, 162300, 923400, 786500]",2017-02-16,1487245916.0,5700.0,3.0,4.0,11:51:56,Offer Not slot 0,2.41176470588,3.26315789474,3.0
883,"[130, 129, 128, 127, 126, 26300, 170000, 367500, 119200, 98200, 130, 131, 132, 133, 134, 123700, 244300, 154300, 101900, 162300, 781200, 786500]",2017-02-16,1487246053.0,-142200.0,4.0,4.0,11:54:13,Buy,2.41176470588,3.26315789474,3.0
884,"[130, 129, 128, 127, 126, 26300, 170000, 367500, 119200, 98200, 131, 132, 133, 134, 135, 244300, 154300, 101900, 162300, 238300, 781200, 901100]",2017-02-16,1487246053.0,114600.0,4.0,4.0,11:51:28,Offer is slot 0,2.41176470588,3.26315789474,3.0
885,"[130, 129, 128, 127, 126, 26300, 170000, 367500, 119200, 98200, 131, 132, 133, 134, 135, 244000, 154300, 101900, 162300, 238300, 781200, 900800]",2017-02-16,1487246066.0,-300.0,4.0,4.0,11:54:26,Offer is slot 0,2.41176470588,3.26315789474,3.0
886,"[130, 129, 128, 127, 126, 26300, 170000, 367500, 119200, 98200, 131, 132, 133, 134, 135, 244200, 154300, 101900, 162300, 238300, 781200, 901000]",2017-02-16,1487246071.0,200.0,4.0,4.0,11:54:31,Offer is slot 0,2.41176470588,3.26315789474,3.0
887,"[130, 129, 128, 127, 126, 26300, 170000, 367500, 119200, 98200, 131, 132, 133, 134, 135, 244200, 154600, 101900, 162300, 238300, 781200, 901300]",2017-02-16,1487246075.0,300.0,4.0,4.0,11:54:35,Offer Not slot 0,2.41176470588,3.26315789474,3.0
888,"[130, 129, 128, 127, 126, 26300, 170000, 367500, 119200, 98200, 131, 132, 133, 134, 135, 244200, 154600, 102300, 162300, 238300, 781200, 901700]",2017-02-16,1487246079.0,400.0,4.0,4.0,11:54:39,Offer Not slot 0,2.41176470588,3.26315789474,3.0
889,"[130, 129, 128, 127, 126, 26300, 170000, 367500, 119200, 98200, 131, 132, 133, 134, 135, 224200, 154600, 102300, 162300, 238300, 781200, 881700]",2017-02-16,1487246082.0,-20000.0,4.0,4.0,11:54:42,Buy,2.41176470588,3.26315789474,3.0
890,"[130, 129, 128, 127, 126, 26300, 170000, 367500, 119200, 98200, 131, 132, 133, 134, 135, 224200, 154600, 102300, 162700, 238300, 781200, 882100]",2017-02-16,1487246083.0,400.0,4.0,4.0,11:54:43,Offer Not slot 0,2.41176470588,3.26315789474,3.0
891,"[130, 129, 128, 127, 126, 16300, 170000, 367500, 119200, 98200, 131, 132, 133, 134, 135, 224200, 154600, 102300, 162700, 238300, 771200, 882100]",2017-02-16,1487246105.0,-10000.0,4.0,4.0,11:55:05,Sell,2.41176470588,3.26315789474,3.0
892,"[130, 129, 128, 127, 126, 16300, 170000, 367500, 119200, 98200, 131, 132, 133, 134, 135, 224100, 154600, 102300, 162700, 238300, 771200, 882000]",2017-02-16,1487246106.0,-100.0,4.0,4.0,11:55:06,Buy,2.41176470588,3.26315789474,3.0
893,"[130, 129, 128, 127, 126, 16300, 170000, 367500, 119200, 98200, 131, 132, 133, 134, 135, 224100, 154600, 102300, 162700, 238400, 771200, 882100]",2017-02-16,1487246124.0,100.0,4.0,4.0,11:55:24,Offer Not slot 0,2.41176470588,3.26315789474,3.0
894,"[130, 129, 128, 127, 126, 16300, 170000, 367500, 119200, 98200, 131, 132, 133, 134, 135, 229100, 154600, 102300, 162700, 238400, 771200, 887100]",2017-02-16,1487246146.0,5000.0,4.0,4.0,11:55:46,Offer is slot 0,2.41176470588,3.26315789474,3.0
895,"[130, 129, 128, 127, 126, 18800, 170000, 367500, 119200, 98200, 131, 132, 133, 134, 135, 229100, 154600, 102300, 162700, 238400, 773700, 887100]",2017-02-16,1487246149.0,2500.0,4.0,4.0,11:55:49,Bid is slot 0,2.41176470588,3.26315789474,3.0
896,"[130, 129, 128, 127, 126, 18800, 170000, 367500, 119200, 108200, 131, 132, 133, 134, 135, 229100, 154600, 102300, 162700, 238400, 783700, 887100]",2017-02-16,1487246160.0,10000.0,4.0,4.0,11:56:00,Bid Not slot 0,2.41176470588,3.26315789474,3.0
897,"[130, 129, 128, 127, 126, 18800, 170000, 367500, 119200, 108200, 131, 132, 133, 134, 135, 229200, 154600, 102300, 162700, 238400, 783700, 887200]",2017-02-16,1487246160.0,100.0,4.0,4.0,11:56:00,Offer is slot 0,2.41176470588,3.26315789474,3.0
898,"[129, 128, 127, 126, 125, 170000, 367500, 119200, 108200, 168500, 131, 132, 133, 134, 135, 229200, 154600, 102300, 162700, 238400, 933400, 887200]",2017-02-16,1487246164.0,149700.0,3.0,4.0,11:31:42,Sell,2.41176470588,3.26315789474,3.0
899,"[129, 128, 127, 126, 125, 170000, 367500, 119200, 108200, 168500, 130, 131, 132, 133, 134, 31200, 229200, 154600, 102300, 162700, 933400, 680000]",2017-02-16,1487246164.0,-207200.0,3.0,4.0,11:56:04,Offer is slot 0,2.41176470588,3.26315789474,3.0
900,"[129, 128, 127, 126, 125, 170000, 367500, 119200, 108200, 168500, 130, 131, 132, 133, 134, 43200, 229200, 154600, 102300, 162700, 933400, 692000]",2017-02-16,1487246167.0,12000.0,3.0,4.0,11:56:07,Offer is slot 0,2.41176470588,3.26315789474,3.0
901,"[129, 128, 127, 126, 125, 170000, 367500, 119200, 108300, 168500, 130, 131, 132, 133, 134, 43200, 229200, 154600, 102300, 162700, 933500, 692000]",2017-02-16,1487246176.0,100.0,3.0,4.0,11:56:16,Bid Not slot 0,2.41176470588,3.26315789474,3.0
902,"[129, 128, 127, 126, 125, 170000, 367600, 119200, 108300, 168500, 130, 131, 132, 133, 134, 43200, 229200, 154600, 102300, 162700, 933600, 692000]",2017-02-16,1487246189.0,100.0,3.0,4.0,11:56:29,Bid Not slot 0,2.41176470588,3.26315789474,3.0
903,"[129, 128, 127, 126, 125, 170000, 367600, 119200, 108300, 168500, 130, 131, 132, 133, 134, 43200, 229200, 164600, 102300, 162700, 933600, 702000]",2017-02-16,1487246204.0,10000.0,3.0,4.0,11:56:44,Offer Not slot 0,2.41176470588,3.26315789474,3.0
904,"[129, 128, 127, 126, 125, 170000, 367600, 119200, 108300, 168500, 130, 131, 132, 133, 134, 56400, 229200, 164600, 102300, 162700, 933600, 715200]",2017-02-16,1487246225.0,13200.0,3.0,4.0,11:57:05,Offer is slot 0,2.41176470588,3.26315789474,3.0
905,"[129, 128, 127, 126, 125, 170000, 367600, 119200, 108300, 168500, 130, 131, 132, 133, 134, 6400, 229200, 164600, 102300, 162700, 933600, 665200]",2017-02-16,1487246247.0,-50000.0,3.0,4.0,11:57:27,Buy,2.41176470588,3.26315789474,3.0
906,"[129, 128, 127, 126, 125, 170000, 367600, 119200, 108300, 168500, 130, 131, 132, 133, 134, 9400, 229200, 164600, 102300, 162700, 933600, 668200]",2017-02-16,1487246268.0,3000.0,3.0,4.0,11:57:48,Offer is slot 0,2.41176470588,3.26315789474,3.0
907,"[129, 128, 127, 126, 125, 170000, 367600, 119200, 108300, 168500, 130, 131, 132, 133, 134, 9400, 224200, 164600, 102300, 162700, 933600, 663200]",2017-02-16,1487246268.0,-5000.0,3.0,4.0,11:57:48,Offer Not slot 0,2.41176470588,3.26315789474,3.0
908,"[129, 128, 127, 126, 125, 170000, 367600, 119200, 108300, 168500, 130, 131, 132, 133, 134, 11400, 224200, 164600, 102300, 162700, 933600, 665200]",2017-02-16,1487246281.0,2000.0,3.0,4.0,11:58:01,Offer is slot 0,2.41176470588,3.26315789474,3.0
909,"[129, 128, 127, 126, 125, 170000, 367600, 119200, 108300, 168500, 130, 131, 132, 133, 134, 111400, 224200, 164600, 102300, 162700, 933600, 765200]",2017-02-16,1487246317.0,100000.0,3.0,4.0,11:58:37,Offer is slot 0,2.41176470588,3.26315789474,3.0
910,"[129, 128, 127, 126, 125, 170000, 367600, 119200, 108300, 168500, 130, 131, 132, 133, 134, 111400, 224200, 164600, 102300, 212700, 933600, 815200]",2017-02-16,1487246353.0,50000.0,3.0,4.0,11:59:13,Offer Not slot 0,2.41176470588,3.26315789474,3.0
911,"[129, 128, 127, 126, 125, 170000, 367600, 119200, 108300, 168500, 130, 131, 132, 133, 134, 111400, 224200, 164600, 102300, 222700, 933600, 825200]",2017-02-16,1487246380.0,10000.0,3.0,4.0,11:59:40,Offer Not slot 0,2.41176470588,3.26315789474,3.0
912,"[129, 128, 127, 126, 125, 170000, 367600, 119200, 108300, 168500, 130, 131, 132, 133, 134, 116400, 224200, 164600, 102300, 222700, 933600, 830200]",2017-02-16,1487246502.0,5000.0,3.0,5.0,12:01:42,Offer is slot 0,3.26315789474,3.0,3.0
913,"[129, 128, 127, 126, 125, 170000, 367600, 119200, 108300, 168500, 130, 131, 132, 133, 134, 116400, 224200, 214600, 102300, 222700, 933600, 880200]",2017-02-16,1487246601.0,50000.0,3.0,5.0,12:03:21,Offer Not slot 0,3.26315789474,3.0,3.0
914,"[129, 128, 127, 126, 125, 170000, 367600, 119200, 108300, 168000, 130, 131, 132, 133, 134, 116400, 224200, 214600, 102300, 222700, 933100, 880200]",2017-02-16,1487247404.0,-500.0,3.0,5.0,12:16:44,Bid Not slot 0,3.26315789474,3.0,3.0
915,"[129, 128, 127, 126, 125, 170000, 367600, 119200, 118300, 168000, 130, 131, 132, 133, 134, 116400, 224200, 214600, 102300, 222700, 943100, 880200]",2017-02-16,1487247569.0,10000.0,3.0,5.0,12:19:29,Bid Not slot 0,3.26315789474,3.0,3.0
916,"[129, 128, 127, 126, 125, 170000, 367600, 119200, 118300, 168000, 130, 131, 132, 133, 134, 126400, 224200, 214600, 102300, 222700, 943100, 890200]",2017-02-16,1487247591.0,10000.0,3.0,5.0,12:19:51,Offer is slot 0,3.26315789474,3.0,3.0
917,"[129, 128, 127, 126, 125, 170000, 367600, 119200, 118300, 193000, 130, 131, 132, 133, 134, 126400, 224200, 214600, 102300, 222700, 968100, 890200]",2017-02-16,1487248063.0,25000.0,3.0,5.0,12:27:43,Bid Not slot 0,3.26315789474,3.0,3.0
918,"[129, 128, 127, 126, 125, 170000, 367600, 119200, 118300, 193000, 130, 131, 132, 133, 134, 126400, 224200, 214600, 152300, 222700, 968100, 940200]",2017-02-16,1487248095.0,50000.0,3.0,5.0,12:28:15,Offer Not slot 0,3.26315789474,3.0,3.0
919,"[129, 128, 127, 126, 125, 170000, 367600, 119200, 208300, 193000, 130, 131, 132, 133, 134, 126400, 224200, 214600, 152300, 222700, 1058100, 940200]",2017-02-16,1487253600.0,90000.0,3.0,6.0,14:00:00,Bid Not slot 0,3.0,3.0,3.0
920,"[129, 128, 127, 126, 125, 170000, 367600, 119200, 68300, 193000, 130, 131, 132, 133, 134, 126400, 224200, 214600, 152300, 222700, 918100, 940200]",2017-02-16,1487253600.0,-140000.0,3.0,6.0,14:00:00,Bid Not slot 0,3.0,3.0,3.0
921,"[129, 128, 127, 126, 125, 170000, 367600, 122200, 68300, 213000, 130, 131, 132, 133, 134, 126600, 269300, 213600, 150300, 224700, 941100, 984500]",2017-02-16,1487255522.0,-1000.0,3.0,7.0,14:32:02,Offer Not slot 0,3.0,3.0,2.42857142857
922,"[129, 128, 127, 126, 125, 170000, 367600, 122200, 68300, 213000, 130, 131, 132, 133, 134, 127600, 269300, 213600, 150300, 224700, 941100, 985500]",2017-02-16,1487255535.0,1000.0,3.0,7.0,14:32:15,Offer is slot 0,3.0,3.0,2.42857142857
923,"[129, 128, 127, 126, 125, 170000, 367600, 122200, 68300, 213000, 130, 131, 132, 133, 134, 127600, 269300, 213600, 150300, 214700, 941100, 975500]",2017-02-16,1487255598.0,-10000.0,3.0,7.0,14:33:18,Offer Not slot 0,3.0,3.0,2.42857142857
924,"[129, 128, 127, 126, 125, 170000, 367600, 122200, 68300, 213000, 130, 131, 132, 133, 134, 147600, 269300, 213600, 150300, 214700, 941100, 995500]",2017-02-16,1487255604.0,20000.0,3.0,7.0,14:33:24,Offer is slot 0,3.0,3.0,2.42857142857
925,"[129, 128, 127, 126, 125, 170000, 367600, 122200, 68300, 213000, 130, 131, 132, 133, 134, 147600, 269300, 213600, 150300, 204700, 941100, 985500]",2017-02-16,1487255604.0,-10000.0,3.0,7.0,14:33:24,Offer Not slot 0,3.0,3.0,2.42857142857
926,"[129, 128, 127, 126, 125, 140000, 367600, 122200, 68300, 213000, 130, 131, 132, 133, 134, 147600, 269300, 213600, 150300, 204700, 911100, 985500]",2017-02-16,1487255750.0,-30000.0,3.0,7.0,14:35:50,Bid is slot 0,3.0,3.0,2.42857142857
927,"[129, 128, 127, 126, 125, 140000, 367600, 122200, 68300, 213000, 130, 131, 132, 133, 134, 147600, 279300, 213600, 150300, 204700, 911100, 995500]",2017-02-16,1487256126.0,10000.0,3.0,7.0,14:42:06,Offer Not slot 0,3.0,3.0,2.42857142857
928,"[129, 128, 127, 126, 125, 140000, 367600, 122200, 68300, 213000, 130, 131, 132, 133, 134, 157600, 279300, 213600, 150300, 204700, 911100, 1005500]",2017-02-16,1487256658.0,10000.0,3.0,7.0,14:50:58,Offer is slot 0,3.0,3.0,2.42857142857
929,"[129, 128, 127, 126, 125, 120000, 367600, 122200, 68300, 213000, 130, 131, 132, 133, 134, 157600, 279300, 213600, 150300, 204700, 891100, 1005500]",2017-02-16,1487256888.0,-20000.0,3.0,7.0,14:54:48,Sell,3.0,3.0,2.42857142857
930,"[129, 128, 127, 126, 125, 120000, 367600, 122200, 68300, 213000, 130, 131, 132, 133, 134, 137600, 279300, 213600, 150300, 204700, 891100, 985500]",2017-02-16,1487256888.0,-20000.0,3.0,7.0,14:54:48,Offer is slot 0,3.0,3.0,2.42857142857
931,"[129, 128, 127, 126, 125, 119000, 367600, 122200, 68300, 213000, 130, 131, 132, 133, 134, 137600, 279300, 213600, 150300, 204700, 890100, 985500]",2017-02-16,1487257480.0,-1000.0,3.0,8.0,15:04:40,Sell,3.0,2.42857142857,2.0
932,"[129, 128, 127, 126, 125, 119000, 347600, 122200, 68300, 213000, 130, 131, 132, 133, 134, 137600, 279300, 213600, 150300, 204700, 870100, 985500]",2017-02-16,1487257487.0,-20000.0,3.0,8.0,15:04:47,Bid Not slot 0,3.0,2.42857142857,2.0
933,"[129, 128, 127, 126, 125, 99000, 347600, 122200, 68300, 213000, 130, 131, 132, 133, 134, 137600, 279300, 213600, 150300, 204700, 850100, 985500]",2017-02-16,1487257558.0,-20000.0,3.0,8.0,15:05:58,Bid is slot 0,3.0,2.42857142857,2.0
934,"[129, 128, 127, 126, 125, 49000, 347600, 122200, 68300, 213000, 130, 131, 132, 133, 134, 137600, 279300, 213600, 150300, 204700, 800100, 985500]",2017-02-16,1487257611.0,-50000.0,3.0,8.0,15:06:51,Sell,3.0,2.42857142857,2.0
935,"[129, 128, 127, 126, 125, 49000, 347600, 122200, 68300, 213000, 130, 131, 132, 133, 134, 137600, 229300, 213600, 150300, 204700, 800100, 935500]",2017-02-16,1487257611.0,-50000.0,3.0,8.0,15:06:51,Offer Not slot 0,3.0,2.42857142857,2.0
936,"[129, 128, 127, 126, 125, 39000, 347600, 122200, 68300, 213000, 130, 131, 132, 133, 134, 137600, 229300, 213600, 150300, 204700, 790100, 935500]",2017-02-16,1487257636.0,-10000.0,3.0,8.0,15:07:16,Sell,3.0,2.42857142857,2.0
937,"[129, 128, 127, 126, 125, 19000, 347600, 122200, 68300, 213000, 130, 131, 132, 133, 134, 137600, 229300, 213600, 150300, 204700, 770100, 935500]",2017-02-16,1487257653.0,-20000.0,3.0,8.0,15:07:33,Sell,3.0,2.42857142857,2.0
938,"[129, 128, 127, 126, 125, 19000, 347600, 122200, 168300, 213000, 130, 131, 132, 133, 134, 137600, 229300, 213600, 150300, 204700, 870100, 935500]",2017-02-16,1487257654.0,100000.0,3.0,8.0,15:07:34,Bid Not slot 0,3.0,2.42857142857,2.0
939,"[129, 128, 127, 126, 125, 19000, 347600, 122200, 168300, 213000, 130, 131, 132, 133, 134, 127600, 229300, 213600, 150300, 204700, 870100, 925500]",2017-02-16,1487257663.0,-10000.0,3.0,8.0,15:07:43,Offer is slot 0,3.0,2.42857142857,2.0
940,"[128, 127, 126, 125, 124, 347600, 122200, 168300, 213000, 449000, 130, 131, 132, 133, 134, 127600, 229300, 213600, 150300, 204700, 1300100, 925500]",2017-02-16,1487257676.0,430000.0,2.0,8.0,14:43:28,Sell,3.0,2.42857142857,2.0
941,"[128, 127, 126, 125, 124, 347600, 122200, 168300, 213000, 449000, 129, 130, 131, 132, 133, 1000, 127600, 229300, 213600, 150300, 1300100, 721800]",2017-02-16,1487257676.0,-203700.0,2.0,8.0,15:07:56,Offer is slot 0,3.0,2.42857142857,2.0
942,"[128, 127, 126, 125, 124, 347600, 122200, 168300, 213000, 449000, 130, 131, 132, 133, 134, 127600, 229300, 213600, 150300, 204700, 1300100, 925500]",2017-02-16,1487257705.0,203700.0,2.0,8.0,14:33:24,Buy,3.0,2.42857142857,2.0
943,"[128, 127, 126, 125, 124, 347600, 122200, 170300, 213000, 449000, 130, 131, 132, 133, 134, 127600, 229300, 213600, 150300, 204700, 1302100, 925500]",2017-02-16,1487257816.0,2000.0,2.0,8.0,15:10:16,Bid Not slot 0,3.0,2.42857142857,2.0
944,"[128, 127, 126, 125, 124, 362300, 122200, 170300, 213000, 449000, 130, 131, 132, 133, 134, 127600, 229300, 213600, 150300, 204700, 1316800, 925500]",2017-02-16,1487257904.0,14700.0,2.0,8.0,15:11:44,Bid is slot 0,3.0,2.42857142857,2.0
945,"[128, 127, 126, 125, 124, 362300, 142200, 170300, 213000, 449000, 130, 131, 132, 133, 134, 127600, 229300, 213600, 150300, 204700, 1336800, 925500]",2017-02-16,1487257951.0,20000.0,2.0,8.0,15:12:31,Bid Not slot 0,3.0,2.42857142857,2.0
946,"[128, 127, 126, 125, 124, 362300, 142200, 170300, 213000, 449000, 129, 130, 131, 132, 133, 1000, 127600, 229300, 213600, 150300, 1336800, 721800]",2017-02-16,1487257982.0,-203700.0,2.0,8.0,15:13:02,Offer is slot 0,3.0,2.42857142857,2.0
947,"[128, 127, 126, 125, 124, 362300, 142200, 170300, 213000, 449000, 130, 131, 132, 133, 134, 127600, 229300, 213600, 150300, 204700, 1336800, 925500]",2017-02-16,1487258072.0,203700.0,2.0,8.0,14:33:24,Buy,3.0,2.42857142857,2.0
948,"[128, 127, 126, 125, 124, 362300, 142200, 177300, 213000, 449000, 130, 131, 132, 133, 134, 127600, 229300, 213600, 150300, 204700, 1343800, 925500]",2017-02-16,1487258511.0,7000.0,2.0,8.0,15:21:51,Bid Not slot 0,3.0,2.42857142857,2.0
949,"[128, 127, 126, 125, 124, 372300, 142200, 177300, 213000, 449000, 130, 131, 132, 133, 134, 127600, 229300, 213600, 150300, 204700, 1353800, 925500]",2017-02-16,1487258659.0,10000.0,2.0,8.0,15:24:19,Bid is slot 0,3.0,2.42857142857,2.0
950,"[128, 127, 126, 125, 124, 372300, 162200, 177300, 213000, 449000, 130, 131, 132, 133, 134, 127600, 229300, 213600, 150300, 204700, 1373800, 925500]",2017-02-16,1487258737.0,20000.0,2.0,8.0,15:25:37,Bid Not slot 0,3.0,2.42857142857,2.0
951,"[128, 127, 126, 125, 124, 372300, 162200, 197300, 213000, 449000, 130, 131, 132, 133, 134, 127600, 229300, 213600, 150300, 204700, 1393800, 925500]",2017-02-16,1487258756.0,20000.0,2.0,8.0,15:25:56,Bid Not slot 0,3.0,2.42857142857,2.0
952,"[129, 128, 127, 126, 125, 50000, 372300, 162200, 197300, 213000, 130, 131, 132, 133, 134, 127600, 229300, 213600, 150300, 204700, 994800, 925500]",2017-02-16,1487259140.0,-399000.0,3.0,9.0,15:32:20,Bid is slot 0,2.42857142857,2.0,1.0
953,"[129, 128, 127, 126, 125, 50000, 372300, 162200, 197300, 213000, 130, 131, 132, 133, 134, 128200, 229300, 213600, 150300, 204700, 994800, 926100]",2017-02-16,1487259325.0,600.0,3.0,9.0,15:35:25,Offer is slot 0,2.42857142857,2.0,1.0
954,"[129, 128, 127, 126, 125, 50000, 372300, 162200, 197300, 213000, 130, 131, 132, 133, 134, 128200, 229300, 213600, 150300, 207700, 994800, 929100]",2017-02-16,1487259480.0,3000.0,3.0,9.0,15:38:00,Offer Not slot 0,2.42857142857,2.0,1.0
955,"[129, 128, 127, 126, 125, 50000, 2300, 162200, 197300, 213000, 130, 131, 132, 133, 134, 128200, 229300, 213600, 150300, 207700, 624800, 929100]",2017-02-16,1487259487.0,-370000.0,3.0,9.0,15:38:07,Sell,2.42857142857,2.0,1.0
956,"[128, 127, 126, 125, 124, 2300, 162200, 197300, 213000, 449000, 130, 131, 132, 133, 134, 128200, 229300, 213600, 150300, 207700, 1023800, 929100]",2017-02-16,1487259487.0,399000.0,2.0,9.0,14:43:28,Bid is slot 0,2.42857142857,2.0,1.0
957,"[128, 127, 126, 125, 124, 22300, 162200, 197300, 213000, 449000, 130, 131, 132, 133, 134, 128200, 229300, 213600, 150300, 207700, 1043800, 929100]",2017-02-16,1487259543.0,20000.0,2.0,9.0,15:39:03,Bid is slot 0,2.42857142857,2.0,1.0
958,"[128, 127, 126, 125, 124, 22300, 162200, 197300, 213000, 449000, 129, 130, 131, 132, 133, 2300, 128200, 229300, 213600, 150300, 1043800, 723700]",2017-02-16,1487259570.0,-205400.0,2.0,9.0,15:39:30,Offer is slot 0,2.42857142857,2.0,1.0
959,"[128, 127, 126, 125, 124, 22300, 162200, 197300, 213000, 449000, 129, 130, 131, 132, 133, 2300, 128200, 229300, 213700, 150300, 1043800, 723800]",2017-02-16,1487259792.0,100.0,2.0,9.0,15:43:12,Offer Not slot 0,2.42857142857,2.0,1.0
960,"[128, 127, 126, 125, 124, 22300, 162200, 197400, 213000, 449000, 129, 130, 131, 132, 133, 2300, 128200, 229300, 213700, 150300, 1043900, 723800]",2017-02-16,1487259819.0,100.0,2.0,9.0,15:43:39,Bid Not slot 0,2.42857142857,2.0,1.0
961,"[128, 127, 126, 125, 124, 2300, 162200, 197400, 213000, 449000, 129, 130, 131, 132, 133, 2300, 128200, 229300, 213700, 150300, 1023900, 723800]",2017-02-16,1487259862.0,-20000.0,2.0,9.0,15:44:22,Sell,2.42857142857,2.0,1.0
962,"[128, 127, 126, 125, 124, 2300, 162200, 207400, 213000, 449000, 129, 130, 131, 132, 133, 2300, 128200, 229300, 213700, 150300, 1033900, 723800]",2017-02-16,1487260020.0,10000.0,2.0,9.0,15:47:00,Bid Not slot 0,2.42857142857,2.0,1.0
963,"[128, 127, 126, 125, 124, 2300, 162200, 207400, 213000, 449000, 129, 130, 131, 132, 133, 22300, 128200, 229300, 213700, 150300, 1033900, 743800]",2017-02-16,1487260076.0,20000.0,2.0,9.0,15:47:56,Offer is slot 0,2.42857142857,2.0,1.0
964,"[128, 127, 126, 125, 124, 2300, 153200, 207400, 213000, 449000, 129, 130, 131, 132, 133, 22300, 128200, 229300, 213700, 150300, 1024900, 743800]",2017-02-16,1487260101.0,-9000.0,2.0,9.0,15:48:21,Bid Not slot 0,2.42857142857,2.0,1.0
965,"[128, 127, 126, 125, 124, 2300, 156200, 207400, 213000, 449000, 129, 130, 131, 132, 133, 22300, 128200, 229300, 213700, 150300, 1027900, 743800]",2017-02-16,1487260178.0,3000.0,2.0,9.0,15:49:38,Bid Not slot 0,2.42857142857,2.0,1.0
966,"[128, 127, 126, 125, 124, 2300, 156200, 207400, 214000, 449000, 129, 130, 131, 132, 133, 22300, 128200, 229300, 213700, 150300, 1028900, 743800]",2017-02-16,1487260182.0,1000.0,2.0,9.0,15:49:42,Bid Not slot 0,2.42857142857,2.0,1.0
967,"[128, 127, 126, 125, 124, 2300, 156200, 207400, 214000, 457000, 129, 130, 131, 132, 133, 22300, 128200, 229300, 213700, 150300, 1036900, 743800]",2017-02-16,1487260187.0,8000.0,2.0,9.0,15:49:47,Bid Not slot 0,2.42857142857,2.0,1.0
968,"[128, 127, 126, 125, 124, 2300, 156200, 207400, 214000, 458000, 129, 130, 131, 132, 133, 22300, 128200, 229300, 213700, 150300, 1037900, 743800]",2017-02-16,1487260202.0,1000.0,2.0,9.0,15:50:02,Bid Not slot 0,2.42857142857,2.0,1.0
969,"[127, 126, 125, 124, 123, 156200, 207400, 214000, 458000, 85100, 129, 130, 131, 132, 133, 22300, 128200, 229300, 213700, 150300, 1120700, 743800]",2017-02-16,1487260257.0,82800.0,1.0,9.0,14:28:24,Sell,2.42857142857,2.0,1.0
970,"[127, 126, 125, 124, 123, 156200, 207400, 214000, 458000, 85100, 128, 129, 130, 131, 132, 57700, 22300, 128200, 229300, 213700, 1120700, 651200]",2017-02-16,1487260257.0,-92600.0,1.0,9.0,15:50:57,Offer is slot 0,2.42857142857,2.0,1.0
971,"[127, 126, 125, 124, 123, 161200, 207400, 214000, 458000, 85100, 128, 129, 130, 131, 132, 57700, 22300, 128200, 229300, 213700, 1125700, 651200]",2017-02-16,1487260434.0,5000.0,1.0,9.0,15:53:54,Bid is slot 0,2.42857142857,2.0,1.0
972,"[127, 126, 125, 124, 123, 161200, 207400, 214000, 458000, 85100, 128, 129, 130, 131, 132, 55200, 22300, 128200, 229300, 213700, 1125700, 648700]",2017-02-16,1487260601.0,-2500.0,1.0,9.0,15:56:41,Buy,2.42857142857,2.0,1.0
